Albania, 1, 2434.2
Albania, 2, 1961.6
Albania, 3, 1967.2
Albania, 4, 1734.0
Albania, 5, 1685.0
Albania, 6, 1614.0
Albania, 7, 1751.2
Albania, 8, 1694.6
Albania, 9, 1518.2
Albania, 10, 1651.0
Albania, 11, 1750.6
Albania, 12, 2031.0
Algeria, 1, 17633.9
Algeria, 2, 15907.4
Algeria, 3, 15834.4
Algeria, 4, 14860.4
Algeria, 5, 14849.4
Algeria, 6, 14486.4
Algeria, 7, 15266.4
Algeria, 8, 15260.9
Algeria, 9, 14303.9
Algeria, 10, 15295.9
Algeria, 11, 15513.4
Algeria, 12, 16526.9
Andorra, 1, 34.6
Andorra, 2, 28.0
Andorra, 3, 32.4
Andorra, 4, 24.4
Andorra, 5, 21.6
Andorra, 6, 25.8
Andorra, 7, 27.4
Andorra, 8, 25.2
Andorra, 9, 25.2
Andorra, 10, 27.4
Andorra, 11, 26.2
Andorra, 12, 31.2
Antigua and Barbuda, 1, 46.9
Antigua and Barbuda, 2, 55.5
Antigua and Barbuda, 3, 59.9
Antigua and Barbuda, 4, 49.3
Antigua and Barbuda, 5, 51.1
Antigua and Barbuda, 6, 51.1
Antigua and Barbuda, 7, 47.1
Antigua and Barbuda, 8, 59.1
Antigua and Barbuda, 9, 52.5
Antigua and Barbuda, 10, 56.5
Antigua and Barbuda, 11, 52.7
Antigua and Barbuda, 12, 50.1
Argentina, 1, 26546.5
Argentina, 2, 23877.9
Argentina, 3, 26044.1
Argentina, 4, 25996.5
Argentina, 5, 29426.5
Argentina, 6, 33231.9
Argentina, 7, 34508.1
Argentina, 8, 31925.5
Argentina, 9, 29315.5
Argentina, 10, 28196.1
Argentina, 11, 25610.9
Argentina, 12, 26806.3
Armenia, 1, 2585.9
Armenia, 2, 2238.5
Armenia, 3, 2307.9
Armenia, 4, 2078.7
Armenia, 5, 2112.7
Armenia, 6, 1936.5
Armenia, 7, 2009.9
Armenia, 8, 1941.5
Armenia, 9, 1669.9
Armenia, 10, 1973.5
Armenia, 11, 2175.1
Armenia, 12, 2316.9
Aruba, 1, 57.7
Aruba, 2, 57.5
Aruba, 3, 57.9
Aruba, 4, 59.3
Aruba, 5, 62.1
Aruba, 6, 51.9
Aruba, 7, 54.5
Aruba, 8, 55.3
Aruba, 9, 51.3
Aruba, 10, 55.3
Aruba, 11, 58.7
Aruba, 12, 60.7
Australia, 1, 2968.7
Australia, 2, 2962.5
Australia, 3, 2932.5
Australia, 4, 2922.5
Australia, 5, 2892.9
Australia, 6, 2929.5
Australia, 7, 2913.7
Australia, 8, 2972.7
Australia, 9, 2947.9
Australia, 10, 2986.5
Australia, 11, 2924.1
Australia, 12, 2959.5
Australia, 13, 2976.5
Australia, 14, 2993.7
Australia, 15, 3038.9
Australia, 16, 3043.1
Australia, 17, 3033.7
Australia, 18, 3067.7
Australia, 19, 3187.5
Australia, 20, 3186.3
Australia, 21, 3261.9
Australia, 22, 3279.1
Australia, 23, 3349.1
Australia, 24, 3297.1
Australia, 25, 3326.5
Australia, 26, 3379.9
Australia, 27, 3457.5
Australia, 28, 3439.7
Australia, 29, 3525.9
Australia, 30, 3546.5
Australia, 31, 3502.5
Australia, 32, 3523.9
Australia, 33, 3572.3
Australia, 34, 3594.5
Australia, 35, 3603.3
Australia, 36, 3537.3
Australia, 37, 3452.9
Australia, 38, 3402.1
Australia, 39, 3280.9
Australia, 40, 3282.5
Australia, 41, 3236.1
Australia, 42, 3180.9
Australia, 43, 3116.7
Australia, 44, 3108.1
Australia, 45, 3058.7
Australia, 46, 3011.5
Australia, 47, 3041.7
Australia, 48, 3005.5
Australia, 49, 2970.1
Australia, 50, 3038.9
Australia, 51, 2996.5
Australia, 52, 2937.9
Australia, 53, 2937.9
Austria, 1, 1828.2
Austria, 2, 1876.2
Austria, 3, 1805.6
Austria, 4, 1766.2
Austria, 5, 1837.8
Austria, 6, 1856.0
Austria, 7, 1832.0
Austria, 8, 1841.2
Austria, 9, 1834.8
Austria, 10, 1772.8
Austria, 11, 1730.6
Austria, 12, 1617.2
Austria, 13, 1665.0
Austria, 14, 1604.6
Austria, 15, 1565.4
Austria, 16, 1542.6
Austria, 17, 1489.4
Austria, 18, 1483.8
Austria, 19, 1458.6
Austria, 20, 1482.2
Austria, 21, 1440.8
Austria, 22, 1433.6
Austria, 23, 1431.6
Austria, 24, 1462.6
Austria, 25, 1426.8
Austria, 26, 1419.0
Austria, 27, 1454.4
Austria, 28, 1396.6
Austria, 29, 1489.0
Austria, 30, 1508.0
Austria, 31, 1524.0
Austria, 32, 1445.4
Austria, 33, 1479.8
Austria, 34, 1453.0
Austria, 35, 1446.0
Austria, 36, 1396.4
Austria, 37, 1444.0
Austria, 38, 1442.2
Austria, 39, 1490.8
Austria, 40, 1529.6
Austria, 41, 1538.2
Austria, 42, 1524.4
Austria, 43, 1528.2
Austria, 44, 1532.2
Austria, 45, 1528.6
Austria, 46, 1571.6
Austria, 47, 1557.2
Austria, 48, 1565.4
Austria, 49, 1622.2
Austria, 50, 1626.0
Austria, 51, 1672.8
Austria, 52, 1754.4
Austria, 53, 1754.4
Azerbaijan, 1, 5451.4
Azerbaijan, 2, 4981.4
Azerbaijan, 3, 4706.8
Azerbaijan, 4, 5298.4
Azerbaijan, 5, 4813.2
Azerbaijan, 6, 4261.2
Azerbaijan, 7, 5004.8
Azerbaijan, 8, 4669.8
Azerbaijan, 9, 4172.6
Azerbaijan, 10, 4614.8
Azerbaijan, 11, 4726.2
Azerbaijan, 12, 4959.0
Bahamas, 1, 245.0
Bahamas, 2, 237.8
Bahamas, 3, 235.0
Bahamas, 4, 213.4
Bahamas, 5, 224.0
Bahamas, 6, 218.4
Bahamas, 7, 235.8
Bahamas, 8, 236.4
Bahamas, 9, 228.0
Bahamas, 10, 218.6
Bahamas, 11, 222.0
Bahamas, 12, 230.0
Barbados, 1, 284.4
Barbados, 2, 230.4
Barbados, 3, 224.6
Barbados, 4, 222.2
Barbados, 5, 255.6
Barbados, 6, 217.6
Barbados, 7, 228.6
Barbados, 8, 213.0
Barbados, 9, 239.0
Barbados, 10, 249.0
Barbados, 11, 235.0
Barbados, 12, 223.2
Belarus, 1, 11507.1
Belarus, 2, 9953.9
Belarus, 3, 10841.1
Belarus, 4, 10298.9
Belarus, 5, 10341.7
Belarus, 6, 9387.5
Belarus, 7, 9562.3
Belarus, 8, 9306.5
Belarus, 9, 9187.7
Belarus, 10, 10455.3
Belarus, 11, 9597.9
Belarus, 12, 10227.1
Belgium, 1, 2385.3
Belgium, 2, 2426.5
Belgium, 3, 2417.7
Belgium, 4, 2417.3
Belgium, 5, 2504.9
Belgium, 6, 2483.3
Belgium, 7, 2518.5
Belgium, 8, 2482.7
Belgium, 9, 2539.7
Belgium, 10, 2447.7
Belgium, 11, 2339.5
Belgium, 12, 2317.1
Belgium, 13, 2221.7
Belgium, 14, 2114.5
Belgium, 15, 2090.1
Belgium, 16, 2046.3
Belgium, 17, 2027.1
Belgium, 18, 2007.1
Belgium, 19, 2025.1
Belgium, 20, 1976.1
Belgium, 21, 1965.1
Belgium, 22, 1926.3
Belgium, 23, 1872.9
Belgium, 24, 1855.5
Belgium, 25, 1917.5
Belgium, 26, 1891.9
Belgium, 27, 2018.1
Belgium, 28, 1856.7
Belgium, 29, 1899.7
Belgium, 30, 1990.7
Belgium, 31, 1880.3
Belgium, 32, 1870.3
Belgium, 33, 1850.1
Belgium, 34, 1896.7
Belgium, 35, 1902.9
Belgium, 36, 1842.9
Belgium, 37, 1859.3
Belgium, 38, 1877.7
Belgium, 39, 1902.5
Belgium, 40, 1963.9
Belgium, 41, 2014.9
Belgium, 42, 1999.9
Belgium, 43, 1986.7
Belgium, 44, 1978.3
Belgium, 45, 2001.5
Belgium, 46, 2038.9
Belgium, 47, 2099.7
Belgium, 48, 2099.1
Belgium, 49, 2159.5
Belgium, 50, 2215.9
Belgium, 51, 2250.5
Belgium, 52, 2235.3
Belgium, 53, 2235.3
Belize, 1, 176.8
Belize, 2, 161.4
Belize, 3, 185.2
Belize, 4, 169.8
Belize, 5, 165.4
Belize, 6, 162.6
Belize, 7, 162.4
Belize, 8, 162.4
Belize, 9, 166.8
Belize, 10, 167.8
Belize, 11, 167.8
Belize, 12, 182.0
Bermuda, 1, 53.9
Bermuda, 2, 46.5
Bermuda, 3, 47.3
Bermuda, 4, 45.1
Bermuda, 5, 45.9
Bermuda, 6, 48.5
Bermuda, 7, 45.3
Bermuda, 8, 44.9
Bermuda, 9, 40.1
Bermuda, 10, 44.7
Bermuda, 11, 42.9
Bermuda, 12, 45.5
Bhutan, 1, 323.1
Bhutan, 2, 251.1
Bhutan, 3, 303.1
Bhutan, 4, 233.1
Bhutan, 5, 255.1
Bhutan, 6, 281.1
Bhutan, 7, 247.1
Bhutan, 8, 257.1
Bhutan, 9, 255.1
Bhutan, 10, 249.1
Bhutan, 11, 232.1
Bhutan, 12, 334.1
Bolivia, 1, 4482.0
Bolivia, 2, 4063.8
Bolivia, 3, 4400.4
Bolivia, 4, 4212.0
Bolivia, 5, 4484.6
Bolivia, 6, 4605.8
Bolivia, 7, 4629.4
Bolivia, 8, 4499.6
Bolivia, 9, 4285.0
Bolivia, 10, 4373.4
Bolivia, 11, 4186.0
Bolivia, 12, 4469.2
Bosnia, 1, 3398.8
Bosnia, 2, 3315.2
Bosnia, 3, 3366.2
Bosnia, 4, 3011.0
Bosnia, 5, 2998.8
Bosnia, 6, 2764.6
Bosnia, 7, 2809.0
Bosnia, 8, 2853.8
Bosnia, 9, 2669.6
Bosnia, 10, 3014.8
Bosnia, 11, 2936.0
Bosnia, 12, 3069.4
Brazil, 1, 111655.7
Brazil, 2, 101103.5
Brazil, 3, 112833.5
Brazil, 4, 112959.5
Brazil, 5, 120041.9
Brazil, 6, 119786.5
Brazil, 7, 124114.1
Brazil, 8, 117867.9
Brazil, 9, 111368.9
Brazil, 10, 112673.3
Brazil, 11, 106825.1
Brazil, 12, 112855.3
Brunei, 1, 156.2
Brunei, 2, 135.0
Brunei, 3, 149.8
Brunei, 4, 147.6
Brunei, 5, 147.2
Brunei, 6, 127.4
Brunei, 7, 148.8
Brunei, 8, 157.4
Brunei, 9, 154.6
Brunei, 10, 160.2
Brunei, 11, 133.4
Brunei, 12, 151.2
Bulgaria, 1, 2565.9
Bulgaria, 2, 2556.9
Bulgaria, 3, 2510.7
Bulgaria, 4, 2490.7
Bulgaria, 5, 2442.3
Bulgaria, 6, 2294.9
Bulgaria, 7, 2278.3
Bulgaria, 8, 2269.1
Bulgaria, 9, 2261.9
Bulgaria, 10, 2250.7
Bulgaria, 11, 2184.3
Bulgaria, 12, 2145.3
Bulgaria, 13, 2124.7
Bulgaria, 14, 2114.3
Bulgaria, 15, 2056.3
Bulgaria, 16, 2048.1
Bulgaria, 17, 2034.3
Bulgaria, 18, 1994.9
Bulgaria, 19, 2012.3
Bulgaria, 20, 1951.5
Bulgaria, 21, 1956.9
Bulgaria, 22, 1935.5
Bulgaria, 23, 1900.7
Bulgaria, 24, 1916.3
Bulgaria, 25, 1943.5
Bulgaria, 26, 1941.1
Bulgaria, 27, 1879.9
Bulgaria, 28, 1922.5
Bulgaria, 29, 1854.9
Bulgaria, 30, 1953.1
Bulgaria, 31, 1944.9
Bulgaria, 32, 1916.3
Bulgaria, 33, 1840.9
Bulgaria, 34, 1816.1
Bulgaria, 35, 1799.7
Bulgaria, 36, 1797.7
Bulgaria, 37, 1798.9
Bulgaria, 38, 1795.5
Bulgaria, 39, 1785.1
Bulgaria, 40, 1930.7
Bulgaria, 41, 1966.9
Bulgaria, 42, 2040.7
Bulgaria, 43, 2035.1
Bulgaria, 44, 2068.7
Bulgaria, 45, 2084.9
Bulgaria, 46, 2107.1
Bulgaria, 47, 2062.1
Bulgaria, 48, 2086.9
Bulgaria, 49, 2136.5
Bulgaria, 50, 2175.5
Bulgaria, 51, 2208.9
Bulgaria, 52, 2336.1
Bulgaria, 53, 2336.1
Cabo Verde, 1, 254.0
Cabo Verde, 2, 225.2
Cabo Verde, 3, 256.4
Cabo Verde, 4, 215.0
Cabo Verde, 5, 208.8
Cabo Verde, 6, 203.6
Cabo Verde, 7, 222.6
Cabo Verde, 8, 250.2
Cabo Verde, 9, 233.6
Cabo Verde, 10, 236.0
Cabo Verde, 11, 225.4
Cabo Verde, 12, 239.6
Canada, 1, 6415.1
Canada, 2, 6454.1
Canada, 3, 6413.1
Canada, 4, 6321.1
Canada, 5, 6108.1
Canada, 6, 6111.1
Canada, 7, 6105.1
Canada, 8, 6056.1
Canada, 9, 5981.1
Canada, 10, 5994.1
Canada, 11, 5888.1
Canada, 12, 5864.1
Canada, 13, 5809.1
Canada, 14, 5757.1
Canada, 15, 5665.1
Canada, 16, 5666.1
Canada, 17, 5612.1
Canada, 18, 5631.1
Canada, 19, 5541.1
Canada, 20, 5421.1
Canada, 21, 5376.1
Canada, 22, 5316.1
Canada, 23, 5267.1
Canada, 24, 5259.1
Canada, 25, 5215.1
Canada, 26, 5247.1
Canada, 27, 5266.1
Canada, 28, 5219.1
Canada, 29, 5151.1
Canada, 30, 5193.1
Canada, 31, 5185.1
Canada, 32, 5207.1
Canada, 33, 5182.1
Canada, 34, 5192.1
Canada, 35, 5234.1
Canada, 36, 5276.1
Canada, 37, 5265.1
Canada, 38, 5297.1
Canada, 39, 5426.1
Canada, 40, 5523.1
Canada, 41, 5554.1
Canada, 42, 5645.1
Canada, 43, 5632.1
Canada, 44, 5710.1
Canada, 45, 5656.1
Canada, 46, 5678.1
Canada, 47, 5711.1
Canada, 48, 5732.1
Canada, 49, 5771.1
Canada, 50, 5877.1
Canada, 51, 5946.1
Canada, 52, 6037.1
Canada, 53, 6037.1
Chile, 1, 2020.1
Chile, 2, 1931.9
Chile, 3, 1981.4
Chile, 4, 1998.1
Chile, 5, 2002.9
Chile, 6, 1924.6
Chile, 7, 1921.4
Chile, 8, 1968.6
Chile, 9, 1870.6
Chile, 10, 1877.4
Chile, 11, 1883.4
Chile, 12, 1894.1
Chile, 13, 1929.6
Chile, 14, 1974.6
Chile, 15, 2039.6
Chile, 16, 1997.1
Chile, 17, 2072.6
Chile, 18, 2067.4
Chile, 19, 2043.6
Chile, 20, 2125.4
Chile, 21, 2264.6
Chile, 22, 2296.1
Chile, 23, 2398.9
Chile, 24, 2503.4
Chile, 25, 2513.6
Chile, 26, 2528.9
Chile, 27, 2478.1
Chile, 28, 2448.9
Chile, 29, 2512.9
Chile, 30, 2457.9
Chile, 31, 2432.1
Chile, 32, 2365.9
Chile, 33, 2333.1
Chile, 34, 2311.1
Chile, 35, 2243.1
Chile, 36, 2301.4
Chile, 37, 2242.4
Chile, 38, 2301.9
Chile, 39, 2210.6
Chile, 40, 2157.4
Chile, 41, 2093.6
Chile, 42, 2069.4
Chile, 43, 2046.1
Chile, 44, 2030.1
Chile, 45, 2034.6
Chile, 46, 1986.1
Chile, 47, 2030.4
Chile, 48, 1983.9
Chile, 49, 1938.4
Chile, 50, 1978.1
Chile, 51, 1971.9
Chile, 52, 1899.6
Chile, 53, 1899.6
Colombia, 1, 5103.9
Colombia, 2, 4887.1
Colombia, 3, 4905.1
Colombia, 4, 4771.5
Colombia, 5, 4661.7
Colombia, 6, 4606.3
Colombia, 7, 4558.1
Colombia, 8, 4553.7
Colombia, 9, 4590.9
Colombia, 10, 4631.5
Colombia, 11, 4669.1
Colombia, 12, 4614.5
Colombia, 13, 4629.9
Colombia, 14, 4601.7
Colombia, 15, 4582.1
Colombia, 16, 4583.5
Colombia, 17, 4588.7
Colombia, 18, 4652.7
Colombia, 19, 4690.9
Colombia, 20, 4838.7
Colombia, 21, 4797.3
Colombia, 22, 4805.9
Colombia, 23, 4862.7
Colombia, 24, 4828.5
Colombia, 25, 4872.7
Colombia, 26, 4915.7
Colombia, 27, 4878.9
Colombia, 28, 4862.7
Colombia, 29, 4761.5
Colombia, 30, 4640.7
Colombia, 31, 4678.7
Colombia, 32, 4758.5
Colombia, 33, 4717.3
Colombia, 34, 4651.7
Colombia, 35, 4671.9
Colombia, 36, 4664.7
Colombia, 37, 4629.9
Colombia, 38, 4690.3
Colombia, 39, 4574.1
Colombia, 40, 4624.5
Colombia, 41, 4658.5
Colombia, 42, 4641.9
Colombia, 43, 4562.9
Colombia, 44, 4676.7
Colombia, 45, 4694.5
Colombia, 46, 4702.9
Colombia, 47, 4733.3
Colombia, 48, 4772.5
Colombia, 49, 4907.5
Colombia, 50, 4908.5
Colombia, 51, 4933.3
Colombia, 52, 5095.3
Colombia, 53, 5095.3
Costa Rica, 1, 2214.3
Costa Rica, 2, 1877.5
Costa Rica, 3, 2065.5
Costa Rica, 4, 2025.7
Costa Rica, 5, 2098.3
Costa Rica, 6, 2103.3
Costa Rica, 7, 2093.9
Costa Rica, 8, 2114.3
Costa Rica, 9, 2064.7
Costa Rica, 10, 2145.5
Costa Rica, 11, 2146.5
Costa Rica, 12, 2338.7
Croatia, 1, 1186.7
Croatia, 2, 1237.3
Croatia, 3, 1232.1
Croatia, 4, 1212.9
Croatia, 5, 1173.9
Croatia, 6, 1139.1
Croatia, 7, 1118.1
Croatia, 8, 1094.9
Croatia, 9, 1096.1
Croatia, 10, 1107.1
Croatia, 11, 1070.9
Croatia, 12, 1042.9
Croatia, 13, 1016.5
Croatia, 14, 1025.3
Croatia, 15, 974.7
Croatia, 16, 941.7
Croatia, 17, 992.3
Croatia, 18, 948.5
Croatia, 19, 927.1
Croatia, 20, 920.1
Croatia, 21, 924.1
Croatia, 22, 907.9
Croatia, 23, 928.5
Croatia, 24, 919.7
Croatia, 25, 900.5
Croatia, 26, 891.5
Croatia, 27, 930.5
Croatia, 28, 928.3
Croatia, 29, 934.1
Croatia, 30, 966.1
Croatia, 31, 940.3
Croatia, 32, 936.5
Croatia, 33, 916.1
Croatia, 34, 883.1
Croatia, 35, 893.9
Croatia, 36, 865.3
Croatia, 37, 878.1
Croatia, 38, 909.3
Croatia, 39, 923.9
Croatia, 40, 940.1
Croatia, 41, 952.7
Croatia, 42, 924.7
Croatia, 43, 935.9
Croatia, 44, 941.7
Croatia, 45, 954.5
Croatia, 46, 959.9
Croatia, 47, 935.1
Croatia, 48, 953.7
Croatia, 49, 990.5
Croatia, 50, 1024.7
Croatia, 51, 1027.1
Croatia, 52, 1084.3
Croatia, 53, 1084.3
Cuba, 1, 9958.3
Cuba, 2, 9111.1
Cuba, 3, 9267.5
Cuba, 4, 8789.7
Cuba, 5, 9006.1
Cuba, 6, 9182.9
Cuba, 7, 9877.9
Cuba, 8, 9504.7
Cuba, 9, 8952.1
Cuba, 10, 9279.3
Cuba, 11, 9269.1
Cuba, 12, 9745.1
Cyprus, 1, 136.9
Cyprus, 2, 148.9
Cyprus, 3, 143.3
Cyprus, 4, 151.9
Cyprus, 5, 152.9
Cyprus, 6, 163.7
Cyprus, 7, 144.1
Cyprus, 8, 136.5
Cyprus, 9, 141.9
Cyprus, 10, 131.1
Cyprus, 11, 129.5
Cyprus, 12, 128.9
Cyprus, 13, 119.1
Cyprus, 14, 125.9
Cyprus, 15, 118.7
Cyprus, 16, 120.3
Cyprus, 17, 123.9
Cyprus, 18, 121.3
Cyprus, 19, 109.1
Cyprus, 20, 102.9
Cyprus, 21, 113.5
Cyprus, 22, 107.7
Cyprus, 23, 100.3
Cyprus, 24, 96.7
Cyprus, 25, 113.5
Cyprus, 26, 107.5
Cyprus, 27, 105.9
Cyprus, 28, 120.1
Cyprus, 29, 104.9
Cyprus, 30, 105.5
Cyprus, 31, 108.9
Cyprus, 32, 113.1
Cyprus, 33, 98.1
Cyprus, 34, 106.7
Cyprus, 35, 113.3
Cyprus, 36, 103.1
Cyprus, 37, 111.3
Cyprus, 38, 102.1
Cyprus, 39, 103.9
Cyprus, 40, 103.9
Cyprus, 41, 105.9
Cyprus, 42, 105.3
Cyprus, 43, 103.5
Cyprus, 44, 112.5
Cyprus, 45, 106.3
Cyprus, 46, 120.9
Cyprus, 47, 109.7
Cyprus, 48, 122.9
Cyprus, 49, 122.1
Cyprus, 50, 119.9
Cyprus, 51, 136.9
Cyprus, 52, 128.7
Cyprus, 53, 128.7
Czechia, 1, 2408.2
Czechia, 2, 2385.4
Czechia, 3, 2431.8
Czechia, 4, 2429.0
Czechia, 5, 2448.4
Czechia, 6, 2509.2
Czechia, 7, 2541.8
Czechia, 8, 2543.8
Czechia, 9, 2508.6
Czechia, 10, 2453.8
Czechia, 11, 2373.6
Czechia, 12, 2308.6
Czechia, 13, 2241.8
Czechia, 14, 2204.6
Czechia, 15, 2159.2
Czechia, 16, 2108.8
Czechia, 17, 2153.0
Czechia, 18, 2070.2
Czechia, 19, 2065.6
Czechia, 20, 2024.4
Czechia, 21, 2029.4
Czechia, 22, 2081.2
Czechia, 23, 1999.2
Czechia, 24, 2000.2
Czechia, 25, 1990.8
Czechia, 26, 2004.0
Czechia, 27, 2025.6
Czechia, 28, 2030.8
Czechia, 29, 2036.6
Czechia, 30, 2071.8
Czechia, 31, 2078.6
Czechia, 32, 2062.6
Czechia, 33, 2098.8
Czechia, 34, 2004.8
Czechia, 35, 1999.2
Czechia, 36, 2000.8
Czechia, 37, 2003.0
Czechia, 38, 2030.6
Czechia, 39, 2061.0
Czechia, 40, 2144.6
Czechia, 41, 2152.2
Czechia, 42, 2115.6
Czechia, 43, 2122.2
Czechia, 44, 2098.8
Czechia, 45, 2079.6
Czechia, 46, 2130.0
Czechia, 47, 2131.6
Czechia, 48, 2132.6
Czechia, 49, 2161.4
Czechia, 50, 2203.0
Czechia, 51, 2265.6
Czechia, 52, 2290.8
Czechia, 53, 2290.8
Denmark, 1, 1151.4
Denmark, 2, 1145.0
Denmark, 3, 1132.4
Denmark, 4, 1130.0
Denmark, 5, 1179.2
Denmark, 6, 1168.8
Denmark, 7, 1197.4
Denmark, 8, 1186.2
Denmark, 9, 1212.4
Denmark, 10, 1199.6
Denmark, 11, 1188.2
Denmark, 12, 1152.2
Denmark, 13, 1115.2
Denmark, 14, 1085.6
Denmark, 15, 1098.6
Denmark, 16, 1055.4
Denmark, 17, 1013.2
Denmark, 18, 1064.8
Denmark, 19, 1043.8
Denmark, 20, 1002.8
Denmark, 21, 998.2
Denmark, 22, 999.2
Denmark, 23, 1001.4
Denmark, 24, 1004.0
Denmark, 25, 999.8
Denmark, 26, 959.8
Denmark, 27, 972.6
Denmark, 28, 972.8
Denmark, 29, 988.0
Denmark, 30, 1009.2
Denmark, 31, 995.8
Denmark, 32, 986.4
Denmark, 33, 974.2
Denmark, 34, 999.2
Denmark, 35, 971.0
Denmark, 36, 972.0
Denmark, 37, 980.2
Denmark, 38, 995.2
Denmark, 39, 1009.0
Denmark, 40, 1000.4
Denmark, 41, 1021.8
Denmark, 42, 1012.8
Denmark, 43, 1013.8
Denmark, 44, 1016.6
Denmark, 45, 1026.4
Denmark, 46, 1048.2
Denmark, 47, 1049.2
Denmark, 48, 1071.8
Denmark, 49, 1110.8
Denmark, 50, 1100.6
Denmark, 51, 1086.0
Denmark, 52, 1094.2
Denmark, 53, 1094.2
Dominican Republic, 1, 3932.9
Dominican Republic, 2, 3590.9
Dominican Republic, 3, 3917.5
Dominican Republic, 4, 3584.1
Dominican Republic, 5, 3619.3
Dominican Republic, 6, 3586.1
Dominican Republic, 7, 3733.1
Dominican Republic, 8, 3613.5
Dominican Republic, 9, 3587.1
Dominican Republic, 10, 3804.7
Dominican Republic, 11, 3748.3
Dominican Republic, 12, 3892.5
Ecuador, 1, 1506.3
Ecuador, 2, 1506.1
Ecuador, 3, 1495.1
Ecuador, 4, 1484.7
Ecuador, 5, 1470.7
Ecuador, 6, 1503.3
Ecuador, 7, 1502.5
Ecuador, 8, 1499.7
Ecuador, 9, 1502.5
Ecuador, 10, 1568.9
Ecuador, 11, 1538.9
Ecuador, 12, 1488.9
Ecuador, 13, 1490.7
Ecuador, 14, 1517.7
Ecuador, 15, 1609.5
Ecuador, 16, 1466.1
Ecuador, 17, 1445.3
Ecuador, 18, 1470.7
Ecuador, 19, 1415.9
Ecuador, 20, 1457.9
Ecuador, 21, 1432.5
Ecuador, 22, 1441.9
Ecuador, 23, 1455.1
Ecuador, 24, 1425.1
Ecuador, 25, 1445.1
Ecuador, 26, 1447.3
Ecuador, 27, 1453.5
Ecuador, 28, 1418.9
Ecuador, 29, 1431.7
Ecuador, 30, 1398.3
Ecuador, 31, 1436.7
Ecuador, 32, 1427.5
Ecuador, 33, 1442.3
Ecuador, 34, 1405.7
Ecuador, 35, 1470.1
Ecuador, 36, 1421.7
Ecuador, 37, 1405.7
Ecuador, 38, 1400.7
Ecuador, 39, 1408.1
Ecuador, 40, 1433.9
Ecuador, 41, 1398.3
Ecuador, 42, 1402.5
Ecuador, 43, 1404.1
Ecuador, 44, 1435.5
Ecuador, 45, 1460.3
Ecuador, 46, 1422.3
Ecuador, 47, 1407.7
Ecuador, 48, 1412.7
Ecuador, 49, 1434.5
Ecuador, 50, 1456.7
Ecuador, 51, 1477.9
Ecuador, 52, 1445.9
Ecuador, 53, 1445.9
Egypt, 1, 58496.4
Egypt, 2, 48131.6
Egypt, 3, 46177.2
Egypt, 4, 42313.4
Egypt, 5, 43524.0
Egypt, 6, 43161.4
Egypt, 7, 47027.6
Egypt, 8, 49543.2
Egypt, 9, 42510.4
Egypt, 10, 42833.4
Egypt, 11, 43820.8
Egypt, 12, 53080.4
El Salvador, 1, 4413.2
El Salvador, 2, 3224.2
El Salvador, 3, 3275.0
El Salvador, 4, 3477.4
El Salvador, 5, 3663.8
El Salvador, 6, 3679.4
El Salvador, 7, 3889.0
El Salvador, 8, 3491.0
El Salvador, 9, 3432.4
El Salvador, 10, 3773.6
El Salvador, 11, 3441.6
El Salvador, 12, 2639.2
Estonia, 1, 347.3
Estonia, 2, 348.3
Estonia, 3, 334.3
Estonia, 4, 339.1
Estonia, 5, 343.1
Estonia, 6, 344.3
Estonia, 7, 325.1
Estonia, 8, 342.1
Estonia, 9, 336.9
Estonia, 10, 337.9
Estonia, 11, 327.1
Estonia, 12, 315.3
Estonia, 13, 320.3
Estonia, 14, 302.7
Estonia, 15, 307.5
Estonia, 16, 302.9
Estonia, 17, 288.7
Estonia, 18, 292.9
Estonia, 19, 291.1
Estonia, 20, 308.7
Estonia, 21, 290.1
Estonia, 22, 277.9
Estonia, 23, 283.1
Estonia, 24, 272.3
Estonia, 25, 275.5
Estonia, 26, 266.3
Estonia, 27, 265.7
Estonia, 28, 268.9
Estonia, 29, 273.5
Estonia, 30, 284.1
Estonia, 31, 271.5
Estonia, 32, 289.7
Estonia, 33, 281.7
Estonia, 34, 267.7
Estonia, 35, 275.7
Estonia, 36, 269.3
Estonia, 37, 276.1
Estonia, 38, 285.1
Estonia, 39, 290.1
Estonia, 40, 290.3
Estonia, 41, 288.9
Estonia, 42, 295.9
Estonia, 43, 299.1
Estonia, 44, 297.9
Estonia, 45, 283.3
Estonia, 46, 294.5
Estonia, 47, 284.1
Estonia, 48, 296.3
Estonia, 49, 299.7
Estonia, 50, 304.3
Estonia, 51, 313.7
Estonia, 52, 317.9
Estonia, 53, 317.9
Faroe Islands, 1, 43.0
Faroe Islands, 2, 34.4
Faroe Islands, 3, 41.4
Faroe Islands, 4, 33.0
Faroe Islands, 5, 38.4
Faroe Islands, 6, 32.8
Faroe Islands, 7, 33.6
Faroe Islands, 8, 35.0
Faroe Islands, 9, 32.2
Faroe Islands, 10, 32.6
Faroe Islands, 11, 33.0
Faroe Islands, 12, 36.8
Finland, 1, 1186.4
Finland, 2, 1201.6
Finland, 3, 1193.6
Finland, 4, 1148.4
Finland, 5, 1158.8
Finland, 6, 1144.2
Finland, 7, 1120.0
Finland, 8, 1116.4
Finland, 9, 1141.4
Finland, 10, 1123.8
Finland, 11, 1124.0
Finland, 12, 1108.8
Finland, 13, 1085.2
Finland, 14, 1098.2
Finland, 15, 1068.6
Finland, 16, 1079.0
Finland, 17, 1036.6
Finland, 18, 1059.0
Finland, 19, 1012.6
Finland, 20, 992.0
Finland, 21, 979.8
Finland, 22, 971.6
Finland, 23, 987.4
Finland, 24, 971.2
Finland, 25, 988.2
Finland, 26, 971.8
Finland, 27, 967.0
Finland, 28, 964.2
Finland, 29, 980.8
Finland, 30, 994.6
Finland, 31, 959.8
Finland, 32, 946.0
Finland, 33, 971.6
Finland, 34, 979.8
Finland, 35, 984.2
Finland, 36, 988.4
Finland, 37, 986.2
Finland, 38, 1007.8
Finland, 39, 1012.0
Finland, 40, 1037.6
Finland, 41, 1044.0
Finland, 42, 1036.6
Finland, 43, 1056.0
Finland, 44, 1053.8
Finland, 45, 1029.8
Finland, 46, 1016.0
Finland, 47, 1044.4
Finland, 48, 1053.8
Finland, 49, 1079.2
Finland, 50, 1081.8
Finland, 51, 1109.4
Finland, 52, 1183.6
Finland, 53, 1183.6
France, 1, 13739.2
France, 2, 13857.2
France, 3, 13504.2
France, 4, 13365.0
France, 5, 13365.4
France, 6, 13483.8
France, 7, 13318.2
France, 8, 13187.2
France, 9, 13216.4
France, 10, 12917.8
France, 11, 12331.0
France, 12, 12039.2
France, 13, 11936.6
France, 14, 11674.4
France, 15, 11467.8
France, 16, 11322.0
France, 17, 11211.6
France, 18, 11071.2
France, 19, 10933.4
France, 20, 10827.4
France, 21, 10825.2
France, 22, 10559.8
France, 23, 10501.8
France, 24, 10387.4
France, 25, 10659.6
France, 26, 10680.4
France, 27, 11040.8
France, 28, 10512.8
France, 29, 10738.8
France, 30, 10730.8
France, 31, 10450.8
France, 32, 10552.8
France, 33, 10317.2
France, 34, 10590.2
France, 35, 10576.4
France, 36, 10372.6
France, 37, 10650.4
France, 38, 10908.8
France, 39, 10922.6
France, 40, 11168.6
France, 41, 11442.0
France, 42, 11305.6
France, 43, 11451.4
France, 44, 11467.8
France, 45, 11583.4
France, 46, 11596.4
France, 47, 11717.0
France, 48, 11844.6
France, 49, 11966.0
France, 50, 12256.2
France, 51, 12599.4
France, 52, 12912.8
France, 53, 12912.8
French Guiana, 1, 22.0
French Guiana, 2, 19.8
French Guiana, 3, 22.6
French Guiana, 4, 22.6
French Guiana, 5, 18.6
French Guiana, 6, 18.4
French Guiana, 7, 20.0
French Guiana, 8, 17.8
French Guiana, 9, 18.4
French Guiana, 10, 17.6
French Guiana, 11, 16.2
French Guiana, 12, 19.6
French Guiana, 13, 17.8
French Guiana, 14, 21.8
French Guiana, 15, 21.2
French Guiana, 16, 23.8
French Guiana, 17, 21.2
French Guiana, 18, 20.8
French Guiana, 19, 18.2
French Guiana, 20, 16.4
French Guiana, 21, 21.8
French Guiana, 22, 20.0
French Guiana, 23, 18.4
French Guiana, 24, 17.4
French Guiana, 25, 18.4
French Guiana, 26, 19.8
French Guiana, 27, 21.4
French Guiana, 28, 19.2
French Guiana, 29, 23.8
French Guiana, 30, 20.2
French Guiana, 31, 22.4
French Guiana, 32, 20.2
French Guiana, 33, 20.6
French Guiana, 34, 18.2
French Guiana, 35, 19.2
French Guiana, 36, 17.4
French Guiana, 37, 20.6
French Guiana, 38, 19.6
French Guiana, 39, 18.2
French Guiana, 40, 18.8
French Guiana, 41, 16.0
French Guiana, 42, 17.0
French Guiana, 43, 20.2
French Guiana, 44, 16.8
French Guiana, 45, 19.2
French Guiana, 46, 22.2
French Guiana, 47, 16.0
French Guiana, 48, 19.6
French Guiana, 49, 18.4
French Guiana, 50, 22.0
French Guiana, 51, 20.4
French Guiana, 52, 17.8
French Guiana, 53, 17.8
French Polynesia, 1, 148.2
French Polynesia, 2, 133.4
French Polynesia, 3, 144.6
French Polynesia, 4, 152.4
French Polynesia, 5, 137.6
French Polynesia, 6, 129.0
French Polynesia, 7, 141.4
French Polynesia, 8, 146.2
French Polynesia, 9, 126.4
French Polynesia, 10, 135.6
French Polynesia, 11, 140.6
French Polynesia, 12, 141.0
Georgia, 1, 4585.7
Georgia, 2, 3875.5
Georgia, 3, 4148.7
Georgia, 4, 3885.1
Georgia, 5, 3817.9
Georgia, 6, 3474.3
Georgia, 7, 3401.1
Georgia, 8, 3481.9
Georgia, 9, 3131.1
Georgia, 10, 3590.1
Georgia, 11, 3815.9
Georgia, 12, 4220.5
Germany, 1, 19643.7
Germany, 2, 19964.9
Germany, 3, 19961.1
Germany, 4, 20180.9
Germany, 5, 20862.3
Germany, 6, 20869.9
Germany, 7, 21411.5
Germany, 8, 21866.9
Germany, 9, 22374.3
Germany, 10, 21862.9
Germany, 11, 20935.7
Germany, 12, 20072.1
Germany, 13, 19402.9
Germany, 14, 18948.3
Germany, 15, 18362.3
Germany, 16, 17940.3
Germany, 17, 17886.9
Germany, 18, 17423.1
Germany, 19, 17696.1
Germany, 20, 17261.5
Germany, 21, 16950.5
Germany, 22, 17100.1
Germany, 23, 16943.9
Germany, 24, 16446.9
Germany, 25, 16784.5
Germany, 26, 16901.3
Germany, 27, 17434.3
Germany, 28, 16723.5
Germany, 29, 17134.3
Germany, 30, 17709.9
Germany, 31, 17372.5
Germany, 32, 17006.5
Germany, 33, 16840.7
Germany, 34, 16645.5
Germany, 35, 16802.3
Germany, 36, 16389.3
Germany, 37, 16631.5
Germany, 38, 16677.7
Germany, 39, 16842.7
Germany, 40, 17011.7
Germany, 41, 17684.9
Germany, 42, 17588.7
Germany, 43, 17602.7
Germany, 44, 17522.5
Germany, 45, 17946.5
Germany, 46, 17995.9
Germany, 47, 18169.7
Germany, 48, 18317.9
Germany, 49, 18734.9
Germany, 50, 18715.9
Germany, 51, 19085.7
Germany, 52, 18764.5
Germany, 53, 18764.5
Gibraltar, 1, 33.8
Gibraltar, 2, 29.0
Gibraltar, 3, 25.2
Gibraltar, 4, 23.2
Gibraltar, 5, 23.6
Gibraltar, 6, 22.8
Gibraltar, 7, 20.2
Gibraltar, 8, 24.0
Gibraltar, 9, 25.2
Gibraltar, 10, 24.8
Gibraltar, 11, 22.0
Gibraltar, 12, 31.0
Greece, 1, 2843.4
Greece, 2, 3032.0
Greece, 3, 2934.6
Greece, 4, 2895.6
Greece, 5, 2839.6
Greece, 6, 2729.8
Greece, 7, 2593.0
Greece, 8, 2570.4
Greece, 9, 2595.6
Greece, 10, 2520.8
Greece, 11, 2480.4
Greece, 12, 2418.4
Greece, 13, 2371.2
Greece, 14, 2410.6
Greece, 15, 2386.0
Greece, 16, 2340.6
Greece, 17, 2299.0
Greece, 18, 2331.0
Greece, 19, 2253.8
Greece, 20, 2163.4
Greece, 21, 2123.4
Greece, 22, 2225.4
Greece, 23, 2213.6
Greece, 24, 2284.6
Greece, 25, 2409.2
Greece, 26, 2341.4
Greece, 27, 2324.6
Greece, 28, 2312.8
Greece, 29, 2200.8
Greece, 30, 2334.8
Greece, 31, 2399.6
Greece, 32, 2452.0
Greece, 33, 2313.8
Greece, 34, 2195.4
Greece, 35, 2189.8
Greece, 36, 2176.4
Greece, 37, 2105.8
Greece, 38, 2065.0
Greece, 39, 2039.4
Greece, 40, 2122.2
Greece, 41, 2183.6
Greece, 42, 2197.2
Greece, 43, 2221.6
Greece, 44, 2283.8
Greece, 45, 2360.4
Greece, 46, 2350.4
Greece, 47, 2385.6
Greece, 48, 2389.8
Greece, 49, 2423.6
Greece, 50, 2482.4
Greece, 51, 2544.2
Greece, 52, 2642.6
Greece, 53, 2642.6
Greenland, 1, 48.7
Greenland, 2, 44.3
Greenland, 3, 52.3
Greenland, 4, 47.1
Greenland, 5, 46.5
Greenland, 6, 45.3
Greenland, 7, 41.7
Greenland, 8, 43.7
Greenland, 9, 46.3
Greenland, 10, 39.3
Greenland, 11, 40.3
Greenland, 12, 50.7
Guadeloupe, 1, 68.2
Guadeloupe, 2, 65.0
Guadeloupe, 3, 70.0
Guadeloupe, 4, 62.8
Guadeloupe, 5, 72.0
Guadeloupe, 6, 70.0
Guadeloupe, 7, 67.8
Guadeloupe, 8, 57.4
Guadeloupe, 9, 74.0
Guadeloupe, 10, 65.2
Guadeloupe, 11, 70.0
Guadeloupe, 12, 67.6
Guadeloupe, 13, 68.4
Guadeloupe, 14, 65.4
Guadeloupe, 15, 60.4
Guadeloupe, 16, 61.6
Guadeloupe, 17, 65.2
Guadeloupe, 18, 59.2
Guadeloupe, 19, 64.2
Guadeloupe, 20, 70.2
Guadeloupe, 21, 66.2
Guadeloupe, 22, 62.6
Guadeloupe, 23, 64.4
Guadeloupe, 24, 74.6
Guadeloupe, 25, 68.4
Guadeloupe, 26, 72.0
Guadeloupe, 27, 64.8
Guadeloupe, 28, 70.0
Guadeloupe, 29, 65.8
Guadeloupe, 30, 72.6
Guadeloupe, 31, 65.4
Guadeloupe, 32, 68.2
Guadeloupe, 33, 68.2
Guadeloupe, 34, 70.8
Guadeloupe, 35, 71.0
Guadeloupe, 36, 61.4
Guadeloupe, 37, 74.0
Guadeloupe, 38, 69.8
Guadeloupe, 39, 63.4
Guadeloupe, 40, 71.4
Guadeloupe, 41, 68.4
Guadeloupe, 42, 61.0
Guadeloupe, 43, 65.2
Guadeloupe, 44, 62.6
Guadeloupe, 45, 64.0
Guadeloupe, 46, 65.0
Guadeloupe, 47, 60.4
Guadeloupe, 48, 61.6
Guadeloupe, 49, 64.4
Guadeloupe, 50, 66.4
Guadeloupe, 51, 65.2
Guadeloupe, 52, 71.0
Guadeloupe, 53, 71.0
Guatemala, 1, 1652.7
Guatemala, 2, 1680.9
Guatemala, 3, 1662.3
Guatemala, 4, 1604.9
Guatemala, 5, 1549.5
Guatemala, 6, 1608.7
Guatemala, 7, 1631.5
Guatemala, 8, 1623.5
Guatemala, 9, 1583.9
Guatemala, 10, 1626.9
Guatemala, 11, 1624.5
Guatemala, 12, 1635.9
Guatemala, 13, 1664.7
Guatemala, 14, 1651.1
Guatemala, 15, 1629.5
Guatemala, 16, 1656.1
Guatemala, 17, 1715.7
Guatemala, 18, 1657.3
Guatemala, 19, 1622.9
Guatemala, 20, 1645.9
Guatemala, 21, 1611.5
Guatemala, 22, 1548.7
Guatemala, 23, 1678.3
Guatemala, 24, 1622.9
Guatemala, 25, 1677.3
Guatemala, 26, 1665.5
Guatemala, 27, 1681.5
Guatemala, 28, 1658.9
Guatemala, 29, 1661.5
Guatemala, 30, 1669.3
Guatemala, 31, 1599.9
Guatemala, 32, 1653.7
Guatemala, 33, 1584.7
Guatemala, 34, 1624.5
Guatemala, 35, 1566.5
Guatemala, 36, 1611.9
Guatemala, 37, 1615.5
Guatemala, 38, 1627.9
Guatemala, 39, 1610.1
Guatemala, 40, 1674.7
Guatemala, 41, 1642.1
Guatemala, 42, 1617.1
Guatemala, 43, 1604.3
Guatemala, 44, 1592.5
Guatemala, 45, 1600.1
Guatemala, 46, 1579.3
Guatemala, 47, 1581.5
Guatemala, 48, 1554.9
Guatemala, 49, 1565.5
Guatemala, 50, 1610.1
Guatemala, 51, 1603.7
Guatemala, 52, 1694.7
Guatemala, 53, 1694.7
Hong Kong, 1, 4703.0
Hong Kong, 2, 4472.2
Hong Kong, 3, 4444.6
Hong Kong, 4, 4056.4
Hong Kong, 5, 4029.4
Hong Kong, 6, 3805.4
Hong Kong, 7, 3958.2
Hong Kong, 8, 3854.6
Hong Kong, 9, 3652.2
Hong Kong, 10, 3922.2
Hong Kong, 11, 3810.6
Hong Kong, 12, 4388.6
Hungary, 1, 2885.1
Hungary, 2, 2918.1
Hungary, 3, 2924.3
Hungary, 4, 3016.3
Hungary, 5, 3055.9
Hungary, 6, 3068.1
Hungary, 7, 2983.1
Hungary, 8, 2955.5
Hungary, 9, 2893.5
Hungary, 10, 2811.7
Hungary, 11, 2708.9
Hungary, 12, 2634.9
Hungary, 13, 2591.3
Hungary, 14, 2510.3
Hungary, 15, 2477.9
Hungary, 16, 2429.9
Hungary, 17, 2436.5
Hungary, 18, 2366.7
Hungary, 19, 2314.3
Hungary, 20, 2271.5
Hungary, 21, 2275.5
Hungary, 22, 2286.3
Hungary, 23, 2261.9
Hungary, 24, 2291.7
Hungary, 25, 2249.7
Hungary, 26, 2193.1
Hungary, 27, 2218.7
Hungary, 28, 2280.7
Hungary, 29, 2278.9
Hungary, 30, 2380.1
Hungary, 31, 2309.1
Hungary, 32, 2284.5
Hungary, 33, 2306.3
Hungary, 34, 2190.9
Hungary, 35, 2293.3
Hungary, 36, 2223.3
Hungary, 37, 2271.1
Hungary, 38, 2315.7
Hungary, 39, 2355.1
Hungary, 40, 2401.1
Hungary, 41, 2451.7
Hungary, 42, 2427.5
Hungary, 43, 2412.9
Hungary, 44, 2385.9
Hungary, 45, 2404.7
Hungary, 46, 2397.1
Hungary, 47, 2467.3
Hungary, 48, 2455.7
Hungary, 49, 2575.1
Hungary, 50, 2556.9
Hungary, 51, 2637.5
Hungary, 52, 2678.3
Hungary, 53, 2678.3
Iceland, 1, 46.6
Iceland, 2, 48.6
Iceland, 3, 45.2
Iceland, 4, 45.4
Iceland, 5, 46.4
Iceland, 6, 48.6
Iceland, 7, 48.0
Iceland, 8, 47.0
Iceland, 9, 44.4
Iceland, 10, 45.2
Iceland, 11, 46.0
Iceland, 12, 42.4
Iceland, 13, 48.0
Iceland, 14, 44.2
Iceland, 15, 45.2
Iceland, 16, 49.4
Iceland, 17, 45.2
Iceland, 18, 41.0
Iceland, 19, 42.4
Iceland, 20, 43.2
Iceland, 21, 44.4
Iceland, 22, 43.4
Iceland, 23, 45.8
Iceland, 24, 40.4
Iceland, 25, 38.2
Iceland, 26, 48.0
Iceland, 27, 43.8
Iceland, 28, 39.0
Iceland, 29, 40.0
Iceland, 30, 45.8
Iceland, 31, 36.8
Iceland, 32, 39.6
Iceland, 33, 39.8
Iceland, 34, 44.4
Iceland, 35, 36.8
Iceland, 36, 40.0
Iceland, 37, 43.4
Iceland, 38, 42.8
Iceland, 39, 50.8
Iceland, 40, 43.2
Iceland, 41, 43.2
Iceland, 42, 43.0
Iceland, 43, 46.8
Iceland, 44, 42.2
Iceland, 45, 39.2
Iceland, 46, 47.8
Iceland, 47, 45.0
Iceland, 48, 44.8
Iceland, 49, 42.6
Iceland, 50, 43.2
Iceland, 51, 44.6
Iceland, 52, 42.8
Iceland, 53, 42.8
Iran, 1, 8400.2
Iran, 2, 8106.2
Iran, 3, 8205.6
Iran, 4, 8169.8
Iran, 5, 8005.4
Iran, 6, 7774.2
Iran, 7, 7649.6
Iran, 8, 7929.8
Iran, 9, 7696.8
Iran, 10, 7692.4
Iran, 11, 7134.6
Iran, 12, 6262.8
Iran, 13, 7701.6
Iran, 14, 7104.4
Iran, 15, 7834.2
Iran, 16, 7311.2
Iran, 17, 7431.8
Iran, 18, 7095.0
Iran, 19, 7171.4
Iran, 20, 6990.4
Iran, 21, 7073.2
Iran, 22, 6821.2
Iran, 23, 6327.2
Iran, 24, 7491.4
Iran, 25, 7030.4
Iran, 26, 7005.0
Iran, 27, 7122.4
Iran, 28, 7249.2
Iran, 29, 7213.4
Iran, 30, 7342.4
Iran, 31, 7270.6
Iran, 32, 7099.4
Iran, 33, 6859.6
Iran, 34, 7013.4
Iran, 35, 7224.6
Iran, 36, 7108.6
Iran, 37, 6669.2
Iran, 38, 6921.8
Iran, 39, 7514.2
Iran, 40, 7216.8
Iran, 41, 7154.6
Iran, 42, 7336.0
Iran, 43, 7452.4
Iran, 44, 7264.4
Iran, 45, 7513.6
Iran, 46, 7968.0
Iran, 47, 7744.6
Iran, 48, 8121.6
Iran, 49, 8232.8
Iran, 50, 8213.8
Iran, 51, 8280.8
Iran, 52, 8585.6
Iran, 53, 8585.6
Ireland, 1, 733.5
Ireland, 2, 752.1
Ireland, 3, 742.1
Ireland, 4, 718.5
Ireland, 5, 708.5
Ireland, 6, 691.5
Ireland, 7, 691.3
Ireland, 8, 659.1
Ireland, 9, 673.7
Ireland, 10, 683.1
Ireland, 11, 633.3
Ireland, 12, 626.7
Ireland, 13, 625.9
Ireland, 14, 615.3
Ireland, 15, 609.5
Ireland, 16, 589.5
Ireland, 17, 591.5
Ireland, 18, 585.9
Ireland, 19, 569.5
Ireland, 20, 568.1
Ireland, 21, 573.5
Ireland, 22, 574.7
Ireland, 23, 536.7
Ireland, 24, 553.5
Ireland, 25, 548.1
Ireland, 26, 541.3
Ireland, 27, 549.7
Ireland, 28, 522.9
Ireland, 29, 536.3
Ireland, 30, 516.9
Ireland, 31, 505.9
Ireland, 32, 520.7
Ireland, 33, 526.9
Ireland, 34, 538.5
Ireland, 35, 538.9
Ireland, 36, 548.3
Ireland, 37, 567.5
Ireland, 38, 551.3
Ireland, 39, 566.9
Ireland, 40, 564.1
Ireland, 41, 576.5
Ireland, 42, 587.9
Ireland, 43, 603.5
Ireland, 44, 571.9
Ireland, 45, 592.5
Ireland, 46, 621.3
Ireland, 47, 603.1
Ireland, 48, 601.5
Ireland, 49, 631.3
Ireland, 50, 666.5
Ireland, 51, 669.7
Ireland, 52, 693.1
Ireland, 53, 693.1
Israel, 1, 1035.7
Israel, 2, 1078.5
Israel, 3, 1057.7
Israel, 4, 1073.5
Israel, 5, 1080.3
Israel, 6, 1076.3
Israel, 7, 1011.9
Israel, 8, 1008.7
Israel, 9, 985.3
Israel, 10, 964.3
Israel, 11, 946.3
Israel, 12, 887.3
Israel, 13, 913.3
Israel, 14, 893.1
Israel, 15, 860.1
Israel, 16, 848.9
Israel, 17, 876.5
Israel, 18, 840.1
Israel, 19, 841.5
Israel, 20, 825.5
Israel, 21, 823.1
Israel, 22, 812.3
Israel, 23, 798.5
Israel, 24, 777.3
Israel, 25, 788.1
Israel, 26, 783.1
Israel, 27, 794.5
Israel, 28, 782.9
Israel, 29, 781.5
Israel, 30, 814.3
Israel, 31, 789.9
Israel, 32, 808.1
Israel, 33, 790.9
Israel, 34, 799.9
Israel, 35, 802.5
Israel, 36, 793.1
Israel, 37, 786.5
Israel, 38, 796.5
Israel, 39, 804.9
Israel, 40, 810.3
Israel, 41, 822.3
Israel, 42, 846.3
Israel, 43, 842.7
Israel, 44, 855.7
Israel, 45, 858.5
Israel, 46, 876.7
Israel, 47, 861.7
Israel, 48, 922.9
Israel, 49, 890.5
Israel, 50, 964.3
Israel, 51, 957.9
Israel, 52, 998.5
Israel, 53, 998.5
Italy, 1, 15387.1
Italy, 2, 15684.3
Italy, 3, 15462.5
Italy, 4, 14922.1
Italy, 5, 14817.1
Italy, 6, 14343.3
Italy, 7, 14181.7
Italy, 8, 13920.7
Italy, 9, 13846.1
Italy, 10, 13550.5
Italy, 11, 13184.3
Italy, 12, 12681.9
Italy, 13, 12637.1
Italy, 14, 12368.9
Italy, 15, 12143.9
Italy, 16, 11953.5
Italy, 17, 11766.1
Italy, 18, 11585.7
Italy, 19, 11588.5
Italy, 20, 11253.5
Italy, 21, 11361.7
Italy, 22, 11133.3
Italy, 23, 11396.1
Italy, 24, 11307.1
Italy, 25, 11173.3
Italy, 26, 11238.3
Italy, 27, 11501.5
Italy, 28, 11744.9
Italy, 29, 11508.9
Italy, 30, 11919.9
Italy, 31, 11809.5
Italy, 32, 12162.7
Italy, 33, 11349.7
Italy, 34, 10944.9
Italy, 35, 10897.7
Italy, 36, 10716.9
Italy, 37, 10775.7
Italy, 38, 10898.9
Italy, 39, 10976.3
Italy, 40, 11228.3
Italy, 41, 11761.3
Italy, 42, 11642.9
Italy, 43, 11798.9
Italy, 44, 11553.5
Italy, 45, 11855.5
Italy, 46, 12054.9
Italy, 47, 12101.7
Italy, 48, 12133.7
Italy, 49, 12497.3
Italy, 50, 12900.5
Italy, 51, 13366.7
Italy, 52, 13916.9
Italy, 53, 13916.9
Jamaica, 1, 1724.0
Jamaica, 2, 1597.4
Jamaica, 3, 1671.8
Jamaica, 4, 1521.4
Jamaica, 5, 1547.6
Jamaica, 6, 1556.2
Jamaica, 7, 1644.2
Jamaica, 8, 1554.4
Jamaica, 9, 1531.6
Jamaica, 10, 1556.4
Jamaica, 11, 1517.8
Jamaica, 12, 1616.2
Japan, 1, 140439.8
Japan, 2, 122475.0
Japan, 3, 123993.2
Japan, 4, 114288.8
Japan, 5, 111925.2
Japan, 6, 103944.2
Japan, 7, 109103.8
Japan, 8, 111308.0
Japan, 9, 108570.6
Japan, 10, 117133.4
Japan, 11, 120136.4
Japan, 12, 129229.6
Jordan, 1, 2896.1
Jordan, 2, 2372.3
Jordan, 3, 2440.6
Jordan, 4, 2242.3
Jordan, 5, 2213.1
Jordan, 6, 2091.1
Jordan, 7, 2212.3
Jordan, 8, 2251.1
Jordan, 9, 2210.6
Jordan, 10, 2402.3
Jordan, 11, 2467.3
Jordan, 12, 2704.8
Kazakhstan, 1, 12272.7
Kazakhstan, 2, 10566.3
Kazakhstan, 3, 11053.9
Kazakhstan, 4, 11122.1
Kazakhstan, 5, 11189.1
Kazakhstan, 6, 10863.7
Kazakhstan, 7, 11641.3
Kazakhstan, 8, 10570.9
Kazakhstan, 9, 10610.7
Kazakhstan, 10, 11110.7
Kazakhstan, 11, 10724.3
Kazakhstan, 12, 10747.5
Kosovo, 1, 889.8
Kosovo, 2, 814.0
Kosovo, 3, 848.0
Kosovo, 4, 791.6
Kosovo, 5, 791.8
Kosovo, 6, 747.8
Kosovo, 7, 748.4
Kosovo, 8, 786.8
Kosovo, 9, 756.4
Kosovo, 10, 811.6
Kosovo, 11, 793.0
Kosovo, 12, 878.0
Kuwait, 1, 721.8
Kuwait, 2, 597.8
Kuwait, 3, 635.4
Kuwait, 4, 591.0
Kuwait, 5, 596.2
Kuwait, 6, 585.2
Kuwait, 7, 583.6
Kuwait, 8, 560.6
Kuwait, 9, 566.4
Kuwait, 10, 577.4
Kuwait, 11, 642.4
Kuwait, 12, 700.4
Kyrgyzstan, 1, 2962.8
Kyrgyzstan, 2, 2539.2
Kyrgyzstan, 3, 2710.4
Kyrgyzstan, 4, 2636.6
Kyrgyzstan, 5, 2732.0
Kyrgyzstan, 6, 2566.2
Kyrgyzstan, 7, 2835.6
Kyrgyzstan, 8, 2586.4
Kyrgyzstan, 9, 2483.2
Kyrgyzstan, 10, 2718.8
Kyrgyzstan, 11, 2707.6
Kyrgyzstan, 12, 3016.0
Latvia, 1, 605.0
Latvia, 2, 612.4
Latvia, 3, 623.8
Latvia, 4, 607.6
Latvia, 5, 598.6
Latvia, 6, 581.0
Latvia, 7, 598.8
Latvia, 8, 617.6
Latvia, 9, 622.2
Latvia, 10, 613.4
Latvia, 11, 586.6
Latvia, 12, 596.8
Latvia, 13, 589.0
Latvia, 14, 575.6
Latvia, 15, 568.4
Latvia, 16, 544.8
Latvia, 17, 539.4
Latvia, 18, 503.6
Latvia, 19, 534.2
Latvia, 20, 523.8
Latvia, 21, 515.0
Latvia, 22, 519.0
Latvia, 23, 495.8
Latvia, 24, 473.6
Latvia, 25, 522.2
Latvia, 26, 492.6
Latvia, 27, 489.0
Latvia, 28, 500.4
Latvia, 29, 523.6
Latvia, 30, 489.8
Latvia, 31, 488.0
Latvia, 32, 470.8
Latvia, 33, 486.8
Latvia, 34, 489.4
Latvia, 35, 473.6
Latvia, 36, 469.0
Latvia, 37, 496.0
Latvia, 38, 498.0
Latvia, 39, 522.8
Latvia, 40, 530.2
Latvia, 41, 515.4
Latvia, 42, 530.2
Latvia, 43, 514.8
Latvia, 44, 532.2
Latvia, 45, 504.8
Latvia, 46, 521.0
Latvia, 47, 530.0
Latvia, 48, 530.4
Latvia, 49, 540.8
Latvia, 50, 542.4
Latvia, 51, 582.4
Latvia, 52, 577.0
Latvia, 53, 577.0
Lebanon, 1, 2449.3
Lebanon, 2, 2295.5
Lebanon, 3, 2452.5
Lebanon, 4, 2083.9
Lebanon, 5, 2125.9
Lebanon, 6, 1930.1
Lebanon, 7, 1910.1
Lebanon, 8, 1883.9
Lebanon, 9, 1751.7
Lebanon, 10, 2149.7
Lebanon, 11, 2007.9
Lebanon, 12, 2064.7
Liechtenstein, 1, 25.6
Liechtenstein, 2, 20.8
Liechtenstein, 3, 28.0
Liechtenstein, 4, 20.8
Liechtenstein, 5, 19.0
Liechtenstein, 6, 20.0
Liechtenstein, 7, 22.2
Liechtenstein, 8, 23.2
Liechtenstein, 9, 21.4
Liechtenstein, 10, 23.0
Liechtenstein, 11, 22.6
Liechtenstein, 12, 22.4
Lithuania, 1, 815.1
Lithuania, 2, 825.7
Lithuania, 3, 872.1
Lithuania, 4, 863.3
Lithuania, 5, 863.7
Lithuania, 6, 851.7
Lithuania, 7, 828.3
Lithuania, 8, 848.3
Lithuania, 9, 816.7
Lithuania, 10, 793.5
Lithuania, 11, 771.5
Lithuania, 12, 756.5
Lithuania, 13, 738.5
Lithuania, 14, 747.7
Lithuania, 15, 741.1
Lithuania, 16, 737.3
Lithuania, 17, 715.3
Lithuania, 18, 701.1
Lithuania, 19, 714.9
Lithuania, 20, 688.3
Lithuania, 21, 728.5
Lithuania, 22, 702.5
Lithuania, 23, 694.1
Lithuania, 24, 663.7
Lithuania, 25, 662.9
Lithuania, 26, 681.1
Lithuania, 27, 648.7
Lithuania, 28, 654.1
Lithuania, 29, 656.7
Lithuania, 30, 691.1
Lithuania, 31, 648.5
Lithuania, 32, 671.1
Lithuania, 33, 649.5
Lithuania, 34, 629.3
Lithuania, 35, 653.1
Lithuania, 36, 628.7
Lithuania, 37, 605.3
Lithuania, 38, 647.7
Lithuania, 39, 668.5
Lithuania, 40, 688.9
Lithuania, 41, 688.5
Lithuania, 42, 729.9
Lithuania, 43, 723.7
Lithuania, 44, 705.1
Lithuania, 45, 691.9
Lithuania, 46, 699.9
Lithuania, 47, 698.5
Lithuania, 48, 701.9
Lithuania, 49, 722.5
Lithuania, 50, 696.9
Lithuania, 51, 734.7
Lithuania, 52, 774.5
Lithuania, 53, 774.5
Luxembourg, 1, 92.6
Luxembourg, 2, 100.4
Luxembourg, 3, 93.2
Luxembourg, 4, 95.0
Luxembourg, 5, 103.0
Luxembourg, 6, 102.8
Luxembourg, 7, 103.0
Luxembourg, 8, 96.2
Luxembourg, 9, 93.4
Luxembourg, 10, 107.8
Luxembourg, 11, 87.4
Luxembourg, 12, 91.8
Luxembourg, 13, 92.0
Luxembourg, 14, 89.4
Luxembourg, 15, 77.4
Luxembourg, 16, 84.8
Luxembourg, 17, 80.0
Luxembourg, 18, 77.6
Luxembourg, 19, 76.2
Luxembourg, 20, 77.2
Luxembourg, 21, 82.2
Luxembourg, 22, 75.0
Luxembourg, 23, 79.6
Luxembourg, 24, 80.4
Luxembourg, 25, 72.4
Luxembourg, 26, 74.6
Luxembourg, 27, 81.0
Luxembourg, 28, 86.2
Luxembourg, 29, 78.0
Luxembourg, 30, 80.6
Luxembourg, 31, 80.8
Luxembourg, 32, 80.4
Luxembourg, 33, 79.8
Luxembourg, 34, 73.0
Luxembourg, 35, 81.8
Luxembourg, 36, 81.8
Luxembourg, 37, 79.6
Luxembourg, 38, 73.2
Luxembourg, 39, 86.6
Luxembourg, 40, 83.0
Luxembourg, 41, 90.6
Luxembourg, 42, 80.6
Luxembourg, 43, 80.2
Luxembourg, 44, 91.0
Luxembourg, 45, 88.8
Luxembourg, 46, 85.0
Luxembourg, 47, 90.8
Luxembourg, 48, 80.0
Luxembourg, 49, 84.4
Luxembourg, 50, 88.6
Luxembourg, 51, 89.6
Luxembourg, 52, 90.0
Luxembourg, 53, 90.0
Macao, 1, 218.1
Macao, 2, 184.3
Macao, 3, 195.7
Macao, 4, 182.9
Macao, 5, 182.3
Macao, 6, 181.9
Macao, 7, 193.1
Macao, 8, 188.1
Macao, 9, 171.5
Macao, 10, 174.9
Macao, 11, 177.3
Macao, 12, 208.1
Malaysia, 1, 15447.5
Malaysia, 2, 14331.5
Malaysia, 3, 15593.7
Malaysia, 4, 14791.9
Malaysia, 5, 15222.9
Malaysia, 6, 14868.5
Malaysia, 7, 15424.3
Malaysia, 8, 15023.7
Malaysia, 9, 14266.9
Malaysia, 10, 14820.9
Malaysia, 11, 14685.9
Malaysia, 12, 15633.1
Maldives, 1, 102.7
Maldives, 2, 93.7
Maldives, 3, 112.9
Maldives, 4, 96.5
Maldives, 5, 92.7
Maldives, 6, 86.9
Maldives, 7, 87.1
Maldives, 8, 88.1
Maldives, 9, 84.7
Maldives, 10, 90.1
Maldives, 11, 86.5
Maldives, 12, 92.5
Malta, 1, 101.2
Malta, 2, 89.2
Malta, 3, 103.8
Malta, 4, 92.4
Malta, 5, 91.0
Malta, 6, 92.2
Malta, 7, 87.0
Malta, 8, 93.2
Malta, 9, 86.6
Malta, 10, 84.2
Malta, 11, 77.8
Malta, 12, 81.2
Malta, 13, 72.6
Malta, 14, 76.8
Malta, 15, 71.6
Malta, 16, 72.0
Malta, 17, 65.8
Malta, 18, 71.2
Malta, 19, 70.2
Malta, 20, 65.4
Malta, 21, 66.2
Malta, 22, 70.6
Malta, 23, 62.8
Malta, 24, 69.2
Malta, 25, 60.8
Malta, 26, 63.8
Malta, 27, 64.4
Malta, 28, 65.2
Malta, 29, 59.2
Malta, 30, 67.2
Malta, 31, 68.0
Malta, 32, 68.0
Malta, 33, 63.0
Malta, 34, 61.2
Malta, 35, 65.0
Malta, 36, 66.8
Malta, 37, 65.6
Malta, 38, 58.8
Malta, 39, 60.2
Malta, 40, 61.6
Malta, 41, 65.8
Malta, 42, 68.6
Malta, 43, 65.2
Malta, 44, 65.4
Malta, 45, 63.2
Malta, 46, 72.2
Malta, 47, 69.4
Malta, 48, 73.8
Malta, 49, 73.0
Malta, 50, 75.0
Malta, 51, 74.8
Malta, 52, 91.2
Malta, 53, 91.2
Martinique, 1, 66.9
Martinique, 2, 74.5
Martinique, 3, 72.5
Martinique, 4, 67.3
Martinique, 5, 67.9
Martinique, 6, 69.9
Martinique, 7, 72.7
Martinique, 8, 72.3
Martinique, 9, 75.5
Martinique, 10, 70.1
Martinique, 11, 70.7
Martinique, 12, 73.1
Martinique, 13, 67.7
Martinique, 14, 67.7
Martinique, 15, 64.1
Martinique, 16, 62.9
Martinique, 17, 70.7
Martinique, 18, 65.1
Martinique, 19, 63.3
Martinique, 20, 66.3
Martinique, 21, 71.3
Martinique, 22, 66.7
Martinique, 23, 71.5
Martinique, 24, 71.7
Martinique, 25, 64.7
Martinique, 26, 68.1
Martinique, 27, 74.1
Martinique, 28, 69.1
Martinique, 29, 69.9
Martinique, 30, 68.9
Martinique, 31, 71.1
Martinique, 32, 67.9
Martinique, 33, 71.3
Martinique, 34, 74.3
Martinique, 35, 64.3
Martinique, 36, 76.3
Martinique, 37, 66.1
Martinique, 38, 67.9
Martinique, 39, 62.9
Martinique, 40, 70.5
Martinique, 41, 63.3
Martinique, 42, 66.9
Martinique, 43, 63.3
Martinique, 44, 61.7
Martinique, 45, 65.5
Martinique, 46, 63.5
Martinique, 47, 62.5
Martinique, 48, 66.9
Martinique, 49, 67.5
Martinique, 50, 66.9
Martinique, 51, 74.7
Martinique, 52, 75.5
Martinique, 53, 75.5
Mauritius, 1, 989.1
Mauritius, 2, 872.9
Mauritius, 3, 974.3
Mauritius, 4, 890.3
Mauritius, 5, 930.7
Mauritius, 6, 897.7
Mauritius, 7, 1076.9
Mauritius, 8, 1017.9
Mauritius, 9, 993.3
Mauritius, 10, 948.7
Mauritius, 11, 898.7
Mauritius, 12, 954.3
Mayotte, 1, 13.8
Mayotte, 2, 15.8
Mayotte, 3, 14.8
Mayotte, 4, 18.8
Mayotte, 5, 15.4
Mayotte, 6, 15.8
Mayotte, 7, 16.8
Mayotte, 8, 13.8
Mayotte, 9, 15.0
Mayotte, 10, 17.8
Mayotte, 11, 16.0
Mayotte, 12, 14.4
Mayotte, 13, 17.8
Mayotte, 14, 13.0
Mayotte, 15, 16.0
Mayotte, 16, 14.0
Mayotte, 17, 15.8
Mayotte, 18, 17.2
Mayotte, 19, 17.2
Mayotte, 20, 10.6
Mayotte, 21, 15.4
Mayotte, 22, 11.2
Mayotte, 23, 15.8
Mayotte, 24, 15.6
Mayotte, 25, 13.6
Mayotte, 26, 14.0
Mayotte, 27, 14.2
Mayotte, 28, 12.8
Mayotte, 29, 14.2
Mayotte, 30, 16.8
Mayotte, 31, 16.4
Mayotte, 32, 13.6
Mayotte, 33, 16.2
Mayotte, 34, 14.0
Mayotte, 35, 14.0
Mayotte, 36, 19.6
Mayotte, 37, 13.4
Mayotte, 38, 12.2
Mayotte, 39, 11.8
Mayotte, 40, 18.0
Mayotte, 41, 11.4
Mayotte, 42, 14.6
Mayotte, 43, 18.4
Mayotte, 44, 18.0
Mayotte, 45, 14.2
Mayotte, 46, 14.2
Mayotte, 47, 16.2
Mayotte, 48, 14.4
Mayotte, 49, 16.8
Mayotte, 50, 14.0
Mayotte, 51, 16.8
Mayotte, 52, 14.0
Mayotte, 53, 14.0
Mexico, 1, 16766.8
Mexico, 2, 16604.4
Mexico, 3, 16441.6
Mexico, 4, 16155.0
Mexico, 5, 16108.4
Mexico, 6, 16121.6
Mexico, 7, 15830.2
Mexico, 8, 15548.6
Mexico, 9, 15325.0
Mexico, 10, 14959.0
Mexico, 11, 14679.0
Mexico, 12, 14604.2
Mexico, 13, 14311.2
Mexico, 14, 14392.2
Mexico, 15, 14023.6
Mexico, 16, 13889.6
Mexico, 17, 14060.0
Mexico, 18, 13983.6
Mexico, 19, 13931.8
Mexico, 20, 14003.2
Mexico, 21, 14200.6
Mexico, 22, 13804.6
Mexico, 23, 13745.0
Mexico, 24, 13590.8
Mexico, 25, 13790.6
Mexico, 26, 13581.8
Mexico, 27, 13708.6
Mexico, 28, 13707.8
Mexico, 29, 13823.8
Mexico, 30, 13880.0
Mexico, 31, 13955.4
Mexico, 32, 13679.2
Mexico, 33, 13738.6
Mexico, 34, 13564.2
Mexico, 35, 13500.2
Mexico, 36, 13621.2
Mexico, 37, 13807.8
Mexico, 38, 13966.8
Mexico, 39, 13694.0
Mexico, 40, 14010.4
Mexico, 41, 13995.4
Mexico, 42, 14069.4
Mexico, 43, 14133.4
Mexico, 44, 14367.0
Mexico, 45, 14377.8
Mexico, 46, 14555.8
Mexico, 47, 15095.4
Mexico, 48, 14925.2
Mexico, 49, 15020.2
Mexico, 50, 15675.4
Mexico, 51, 15709.2
Mexico, 52, 16573.4
Mexico, 53, 16573.4
Moldova, 1, 3793.5
Moldova, 2, 3131.3
Moldova, 3, 3199.3
Moldova, 4, 2909.5
Moldova, 5, 3011.5
Moldova, 6, 2769.7
Moldova, 7, 2570.1
Moldova, 8, 2475.1
Moldova, 9, 2633.3
Moldova, 10, 2961.3
Moldova, 11, 3068.5
Moldova, 12, 3051.3
Monaco, 1, 50.1
Monaco, 2, 43.3
Monaco, 3, 41.9
Monaco, 4, 39.9
Monaco, 5, 37.3
Monaco, 6, 35.9
Monaco, 7, 40.1
Monaco, 8, 36.1
Monaco, 9, 38.3
Monaco, 10, 42.3
Monaco, 11, 49.5
Monaco, 12, 40.7
Mongolia, 1, 1484.9
Mongolia, 2, 1371.1
Mongolia, 3, 1508.1
Mongolia, 4, 1415.3
Mongolia, 5, 1490.9
Mongolia, 6, 1398.7
Mongolia, 7, 1446.5
Mongolia, 8, 1436.9
Mongolia, 9, 1458.9
Mongolia, 10, 1467.1
Mongolia, 11, 1382.5
Mongolia, 12, 1563.3
Montenegro, 1, 154.2
Montenegro, 2, 153.4
Montenegro, 3, 154.8
Montenegro, 4, 147.0
Montenegro, 5, 150.2
Montenegro, 6, 136.2
Montenegro, 7, 131.0
Montenegro, 8, 149.4
Montenegro, 9, 144.4
Montenegro, 10, 142.0
Montenegro, 11, 123.6
Montenegro, 12, 134.4
Montenegro, 13, 120.0
Montenegro, 14, 139.4
Montenegro, 15, 122.2
Montenegro, 16, 120.6
Montenegro, 17, 127.2
Montenegro, 18, 124.0
Montenegro, 19, 112.6
Montenegro, 20, 113.2
Montenegro, 21, 114.2
Montenegro, 22, 113.2
Montenegro, 23, 124.6
Montenegro, 24, 124.8
Montenegro, 25, 118.2
Montenegro, 26, 121.8
Montenegro, 27, 114.2
Montenegro, 28, 117.2
Montenegro, 29, 116.4
Montenegro, 30, 132.8
Montenegro, 31, 122.6
Montenegro, 32, 126.0
Montenegro, 33, 112.2
Montenegro, 34, 113.2
Montenegro, 35, 108.6
Montenegro, 36, 123.0
Montenegro, 37, 111.6
Montenegro, 38, 117.2
Montenegro, 39, 117.0
Montenegro, 40, 129.0
Montenegro, 41, 120.0
Montenegro, 42, 119.4
Montenegro, 43, 120.8
Montenegro, 44, 123.0
Montenegro, 45, 124.6
Montenegro, 46, 127.8
Montenegro, 47, 126.8
Montenegro, 48, 124.2
Montenegro, 49, 129.2
Montenegro, 50, 140.4
Montenegro, 51, 152.0
Montenegro, 52, 142.2
Montenegro, 53, 142.2
Netherlands, 1, 3361.9
Netherlands, 2, 3433.7
Netherlands, 3, 3370.1
Netherlands, 4, 3416.9
Netherlands, 5, 3390.5
Netherlands, 6, 3370.7
Netherlands, 7, 3414.3
Netherlands, 8, 3469.1
Netherlands, 9, 3389.9
Netherlands, 10, 3419.7
Netherlands, 11, 3271.9
Netherlands, 12, 3148.1
Netherlands, 13, 3123.1
Netherlands, 14, 2992.1
Netherlands, 15, 2926.7
Netherlands, 16, 2912.7
Netherlands, 17, 2876.3
Netherlands, 18, 2811.3
Netherlands, 19, 2863.5
Netherlands, 20, 2804.9
Netherlands, 21, 2800.7
Netherlands, 22, 2791.9
Netherlands, 23, 2725.3
Netherlands, 24, 2710.9
Netherlands, 25, 2697.5
Netherlands, 26, 2741.7
Netherlands, 27, 2819.7
Netherlands, 28, 2715.1
Netherlands, 29, 2738.1
Netherlands, 30, 2768.1
Netherlands, 31, 2680.3
Netherlands, 32, 2708.7
Netherlands, 33, 2652.9
Netherlands, 34, 2682.3
Netherlands, 35, 2683.1
Netherlands, 36, 2648.1
Netherlands, 37, 2724.1
Netherlands, 38, 2707.3
Netherlands, 39, 2775.5
Netherlands, 40, 2800.5
Netherlands, 41, 2894.1
Netherlands, 42, 2837.7
Netherlands, 43, 2881.1
Netherlands, 44, 2872.5
Netherlands, 45, 2924.9
Netherlands, 46, 2929.7
Netherlands, 47, 2984.3
Netherlands, 48, 2983.3
Netherlands, 49, 3044.5
Netherlands, 50, 3157.1
Netherlands, 51, 3145.9
Netherlands, 52, 3088.7
Netherlands, 53, 3088.7
New Caledonia, 1, 136.0
New Caledonia, 2, 122.2
New Caledonia, 3, 135.8
New Caledonia, 4, 134.2
New Caledonia, 5, 142.4
New Caledonia, 6, 137.8
New Caledonia, 7, 156.4
New Caledonia, 8, 153.0
New Caledonia, 9, 134.6
New Caledonia, 10, 134.0
New Caledonia, 11, 132.4
New Caledonia, 12, 124.4
New Zealand, 1, 608.6
New Zealand, 2, 627.2
New Zealand, 3, 613.6
New Zealand, 4, 623.6
New Zealand, 5, 612.2
New Zealand, 6, 606.2
New Zealand, 7, 592.2
New Zealand, 8, 608.0
New Zealand, 9, 615.6
New Zealand, 10, 616.8
New Zealand, 11, 627.2
New Zealand, 12, 621.6
New Zealand, 13, 633.0
New Zealand, 14, 630.4
New Zealand, 15, 624.2
New Zealand, 16, 655.2
New Zealand, 17, 644.8
New Zealand, 18, 650.2
New Zealand, 19, 670.8
New Zealand, 20, 651.6
New Zealand, 21, 675.6
New Zealand, 22, 699.4
New Zealand, 23, 708.8
New Zealand, 24, 705.8
New Zealand, 25, 720.0
New Zealand, 26, 715.2
New Zealand, 27, 721.2
New Zealand, 28, 743.0
New Zealand, 29, 759.2
New Zealand, 30, 768.6
New Zealand, 31, 770.6
New Zealand, 32, 775.2
New Zealand, 33, 756.0
New Zealand, 34, 725.6
New Zealand, 35, 726.8
New Zealand, 36, 702.4
New Zealand, 37, 722.4
New Zealand, 38, 711.8
New Zealand, 39, 686.2
New Zealand, 40, 682.2
New Zealand, 41, 695.8
New Zealand, 42, 653.2
New Zealand, 43, 653.6
New Zealand, 44, 658.2
New Zealand, 45, 650.4
New Zealand, 46, 627.0
New Zealand, 47, 649.6
New Zealand, 48, 627.6
New Zealand, 49, 615.2
New Zealand, 50, 639.8
New Zealand, 51, 621.6
New Zealand, 52, 624.8
New Zealand, 53, 624.8
Nicaragua, 1, 2184.3
Nicaragua, 2, 1852.7
Nicaragua, 3, 2062.5
Nicaragua, 4, 2064.7
Nicaragua, 5, 2079.1
Nicaragua, 6, 2096.7
Nicaragua, 7, 2209.5
Nicaragua, 8, 2199.9
Nicaragua, 9, 2141.5
Nicaragua, 10, 2227.1
Nicaragua, 11, 2163.9
Nicaragua, 12, 2207.7
North Macedonia, 1, 2076.5
North Macedonia, 2, 1753.9
North Macedonia, 3, 1789.3
North Macedonia, 4, 1603.9
North Macedonia, 5, 1600.5
North Macedonia, 6, 1508.1
North Macedonia, 7, 1572.7
North Macedonia, 8, 1555.5
North Macedonia, 9, 1467.5
North Macedonia, 10, 1696.1
North Macedonia, 11, 1631.1
North Macedonia, 12, 1802.3
Norway, 1, 923.4
Norway, 2, 916.6
Norway, 3, 906.2
Norway, 4, 883.8
Norway, 5, 894.2
Norway, 6, 863.0
Norway, 7, 874.6
Norway, 8, 866.6
Norway, 9, 876.4
Norway, 10, 867.4
Norway, 11, 827.2
Norway, 12, 816.0
Norway, 13, 780.2
Norway, 14, 798.4
Norway, 15, 784.6
Norway, 16, 764.8
Norway, 17, 779.0
Norway, 18, 740.6
Norway, 19, 735.4
Norway, 20, 723.6
Norway, 21, 731.2
Norway, 22, 712.6
Norway, 23, 713.2
Norway, 24, 721.6
Norway, 25, 723.0
Norway, 26, 733.2
Norway, 27, 747.6
Norway, 28, 717.0
Norway, 29, 722.2
Norway, 30, 721.4
Norway, 31, 692.4
Norway, 32, 717.2
Norway, 33, 708.2
Norway, 34, 716.2
Norway, 35, 732.4
Norway, 36, 722.8
Norway, 37, 707.4
Norway, 38, 719.6
Norway, 39, 737.4
Norway, 40, 729.2
Norway, 41, 748.4
Norway, 42, 748.2
Norway, 43, 760.0
Norway, 44, 752.4
Norway, 45, 763.8
Norway, 46, 781.4
Norway, 47, 778.0
Norway, 48, 792.6
Norway, 49, 824.2
Norway, 50, 822.4
Norway, 51, 834.8
Norway, 52, 875.2
Norway, 53, 875.2
Oman, 1, 874.3
Oman, 2, 741.9
Oman, 3, 814.9
Oman, 4, 744.5
Oman, 5, 753.1
Oman, 6, 735.1
Oman, 7, 783.3
Oman, 8, 766.5
Oman, 9, 737.1
Oman, 10, 757.9
Oman, 11, 749.5
Oman, 12, 802.3
Palestine, 1, 1347.8
Palestine, 2, 1150.8
Palestine, 3, 1155.8
Palestine, 4, 1044.3
Palestine, 5, 1069.8
Palestine, 6, 959.8
Palestine, 7, 968.8
Palestine, 8, 1019.8
Palestine, 9, 928.8
Palestine, 10, 1000.8
Palestine, 11, 1067.3
Palestine, 12, 1194.8
Panama, 1, 1793.2
Panama, 2, 1578.4
Panama, 3, 1707.2
Panama, 4, 1691.6
Panama, 5, 1685.6
Panama, 6, 1732.8
Panama, 7, 1813.8
Panama, 8, 1767.8
Panama, 9, 1773.2
Panama, 10, 1800.6
Panama, 11, 1729.4
Panama, 12, 1786.8
Paraguay, 1, 2802.1
Paraguay, 2, 2507.1
Paraguay, 3, 2717.1
Paraguay, 4, 2660.9
Paraguay, 5, 2953.9
Paraguay, 6, 3237.5
Paraguay, 7, 3265.1
Paraguay, 8, 3061.5
Paraguay, 9, 2809.1
Paraguay, 10, 2743.1
Paraguay, 11, 2558.7
Paraguay, 12, 2764.5
Peru, 1, 2859.8
Peru, 2, 2848.8
Peru, 3, 2859.8
Peru, 4, 2881.1
Peru, 5, 3013.1
Peru, 6, 2906.8
Peru, 7, 2947.1
Peru, 8, 3053.8
Peru, 9, 3138.5
Peru, 10, 2970.5
Peru, 11, 3033.8
Peru, 12, 2956.1
Peru, 13, 2900.8
Peru, 14, 2909.8
Peru, 15, 2813.5
Peru, 16, 2923.8
Peru, 17, 2812.8
Peru, 18, 2931.8
Peru, 19, 2831.8
Peru, 20, 2933.8
Peru, 21, 3000.8
Peru, 22, 3021.5
Peru, 23, 3144.5
Peru, 24, 3159.8
Peru, 25, 3263.8
Peru, 26, 3234.8
Peru, 27, 3291.1
Peru, 28, 3153.8
Peru, 29, 3234.1
Peru, 30, 3258.1
Peru, 31, 3209.8
Peru, 32, 3276.5
Peru, 33, 3144.1
Peru, 34, 3131.1
Peru, 35, 3226.8
Peru, 36, 3194.8
Peru, 37, 3206.5
Peru, 38, 3256.5
Peru, 39, 3264.8
Peru, 40, 3170.1
Peru, 41, 3229.8
Peru, 42, 3286.1
Peru, 43, 3219.8
Peru, 44, 3246.5
Peru, 45, 3194.1
Peru, 46, 3039.5
Peru, 47, 3080.8
Peru, 48, 3044.1
Peru, 49, 3079.5
Peru, 50, 3120.1
Peru, 51, 3099.8
Peru, 52, 3179.5
Peru, 53, 3179.5
Philippines, 1, 55199.0
Philippines, 2, 48657.6
Philippines, 3, 51114.8
Philippines, 4, 50462.0
Philippines, 5, 52306.0
Philippines, 6, 49310.2
Philippines, 7, 52063.0
Philippines, 8, 53768.8
Philippines, 9, 52574.4
Philippines, 10, 54519.6
Philippines, 11, 51878.2
Philippines, 12, 53219.2
Poland, 1, 8800.9
Poland, 2, 8809.9
Poland, 3, 8836.7
Poland, 4, 8911.9
Poland, 5, 9168.9
Poland, 6, 9117.3
Poland, 7, 9175.5
Poland, 8, 9087.1
Poland, 9, 9085.7
Poland, 10, 8926.7
Poland, 11, 8704.9
Poland, 12, 8572.7
Poland, 13, 8442.9
Poland, 14, 8253.9
Poland, 15, 8101.3
Poland, 16, 7904.1
Poland, 17, 7914.5
Poland, 18, 7722.3
Poland, 19, 7582.5
Poland, 20, 7464.3
Poland, 21, 7562.3
Poland, 22, 7535.7
Poland, 23, 7503.9
Poland, 24, 7491.5
Poland, 25, 7458.5
Poland, 26, 7301.7
Poland, 27, 7315.1
Poland, 28, 7295.1
Poland, 29, 7362.5
Poland, 30, 7620.1
Poland, 31, 7506.5
Poland, 32, 7469.5
Poland, 33, 7305.5
Poland, 34, 7147.3
Poland, 35, 7431.7
Poland, 36, 7302.7
Poland, 37, 7239.7
Poland, 38, 7500.7
Poland, 39, 7713.5
Poland, 40, 7915.9
Poland, 41, 7866.5
Poland, 42, 7994.1
Poland, 43, 7896.7
Poland, 44, 7895.3
Poland, 45, 7793.9
Poland, 46, 7838.1
Poland, 47, 7930.9
Poland, 48, 7965.1
Poland, 49, 8173.3
Poland, 50, 8138.7
Poland, 51, 8317.3
Poland, 52, 8577.9
Poland, 53, 8577.9
Portugal, 1, 2846.0
Portugal, 2, 2859.6
Portugal, 3, 2910.2
Portugal, 4, 2877.4
Portugal, 5, 2738.4
Portugal, 6, 2698.6
Portugal, 7, 2695.0
Portugal, 8, 2559.6
Portugal, 9, 2514.8
Portugal, 10, 2390.0
Portugal, 11, 2328.0
Portugal, 12, 2264.0
Portugal, 13, 2212.2
Portugal, 14, 2236.8
Portugal, 15, 2159.6
Portugal, 16, 2060.4
Portugal, 17, 2040.4
Portugal, 18, 2027.0
Portugal, 19, 1970.4
Portugal, 20, 2008.8
Portugal, 21, 1968.6
Portugal, 22, 1967.4
Portugal, 23, 1931.0
Portugal, 24, 1925.2
Portugal, 25, 2035.6
Portugal, 26, 1903.4
Portugal, 27, 1862.2
Portugal, 28, 1894.4
Portugal, 29, 1886.6
Portugal, 30, 1905.4
Portugal, 31, 1953.2
Portugal, 32, 1987.2
Portugal, 33, 1872.8
Portugal, 34, 1963.4
Portugal, 35, 1842.0
Portugal, 36, 1895.6
Portugal, 37, 1838.2
Portugal, 38, 1870.2
Portugal, 39, 1912.2
Portugal, 40, 1960.4
Portugal, 41, 1920.2
Portugal, 42, 1989.8
Portugal, 43, 2034.0
Portugal, 44, 2035.0
Portugal, 45, 2079.8
Portugal, 46, 2128.2
Portugal, 47, 2167.8
Portugal, 48, 2250.4
Portugal, 49, 2290.4
Portugal, 50, 2332.0
Portugal, 51, 2448.2
Portugal, 52, 2597.4
Portugal, 53, 2597.4
Puerto Rico, 1, 667.0
Puerto Rico, 2, 636.4
Puerto Rico, 3, 647.2
Puerto Rico, 4, 626.0
Puerto Rico, 5, 634.6
Puerto Rico, 6, 621.2
Puerto Rico, 7, 605.4
Puerto Rico, 8, 592.2
Puerto Rico, 9, 596.2
Puerto Rico, 10, 576.4
Puerto Rico, 11, 580.6
Puerto Rico, 12, 572.4
Puerto Rico, 13, 545.6
Puerto Rico, 14, 552.2
Puerto Rico, 15, 549.0
Puerto Rico, 16, 529.4
Puerto Rico, 17, 543.0
Puerto Rico, 18, 540.4
Puerto Rico, 19, 543.4
Puerto Rico, 20, 557.0
Puerto Rico, 21, 566.0
Puerto Rico, 22, 537.4
Puerto Rico, 23, 542.6
Puerto Rico, 24, 570.4
Puerto Rico, 25, 548.6
Puerto Rico, 26, 553.0
Puerto Rico, 27, 569.4
Puerto Rico, 28, 554.2
Puerto Rico, 29, 551.6
Puerto Rico, 30, 537.4
Puerto Rico, 31, 544.0
Puerto Rico, 32, 539.4
Puerto Rico, 33, 551.4
Puerto Rico, 34, 530.4
Puerto Rico, 35, 532.4
Puerto Rico, 36, 556.0
Puerto Rico, 37, 560.8
Puerto Rico, 38, 566.6
Puerto Rico, 39, 635.6
Puerto Rico, 40, 593.4
Puerto Rico, 41, 563.4
Puerto Rico, 42, 576.2
Puerto Rico, 43, 565.0
Puerto Rico, 44, 547.4
Puerto Rico, 45, 570.6
Puerto Rico, 46, 572.6
Puerto Rico, 47, 607.0
Puerto Rico, 48, 599.4
Puerto Rico, 49, 598.6
Puerto Rico, 50, 605.8
Puerto Rico, 51, 622.6
Puerto Rico, 52, 624.0
Puerto Rico, 53, 624.0
Qatar, 1, 192.7
Qatar, 2, 183.5
Qatar, 3, 187.7
Qatar, 4, 184.5
Qatar, 5, 197.3
Qatar, 6, 181.9
Qatar, 7, 174.5
Qatar, 8, 177.3
Qatar, 9, 180.7
Qatar, 10, 188.5
Qatar, 11, 196.3
Qatar, 12, 204.9
Romania, 1, 5946.7
Romania, 2, 5921.7
Romania, 3, 5866.9
Romania, 4, 5836.1
Romania, 5, 5836.5
Romania, 6, 5624.3
Romania, 7, 5649.1
Romania, 8, 5674.7
Romania, 9, 5675.7
Romania, 10, 5539.9
Romania, 11, 5459.7
Romania, 12, 5372.1
Romania, 13, 5306.1
Romania, 14, 5224.9
Romania, 15, 5128.7
Romania, 16, 5061.9
Romania, 17, 4940.7
Romania, 18, 4943.1
Romania, 19, 4736.3
Romania, 20, 4676.3
Romania, 21, 4716.9
Romania, 22, 4653.5
Romania, 23, 4689.3
Romania, 24, 4727.5
Romania, 25, 4836.5
Romania, 26, 4611.9
Romania, 27, 4509.3
Romania, 28, 4526.1
Romania, 29, 4444.9
Romania, 30, 4662.9
Romania, 31, 4723.1
Romania, 32, 4542.5
Romania, 33, 4510.7
Romania, 34, 4397.5
Romania, 35, 4420.9
Romania, 36, 4402.3
Romania, 37, 4383.3
Romania, 38, 4413.7
Romania, 39, 4562.9
Romania, 40, 4847.7
Romania, 41, 4914.1
Romania, 42, 5053.1
Romania, 43, 4974.5
Romania, 44, 5031.9
Romania, 45, 5016.1
Romania, 46, 5024.1
Romania, 47, 5065.9
Romania, 48, 5087.5
Romania, 49, 5196.5
Romania, 50, 5289.1
Romania, 51, 5393.9
Romania, 52, 5548.7
Romania, 53, 5548.7
Russia, 1, 166545.1
Russia, 2, 143541.5
Russia, 3, 155848.7
Russia, 4, 147187.7
Russia, 5, 150404.7
Russia, 6, 143940.5
Russia, 7, 143165.7
Russia, 8, 141106.1
Russia, 9, 139011.3
Russia, 10, 146687.9
Russia, 11, 139324.9
Russia, 12, 149038.1
Runion, 1, 104.5
Runion, 2, 101.1
Runion, 3, 102.7
Runion, 4, 101.5
Runion, 5, 100.9
Runion, 6, 95.7
Runion, 7, 99.1
Runion, 8, 105.1
Runion, 9, 101.1
Runion, 10, 99.3
Runion, 11, 105.5
Runion, 12, 104.1
Runion, 13, 98.9
Runion, 14, 92.1
Runion, 15, 85.5
Runion, 16, 96.9
Runion, 17, 87.3
Runion, 18, 90.3
Runion, 19, 108.9
Runion, 20, 99.1
Runion, 21, 95.7
Runion, 22, 89.7
Runion, 23, 100.7
Runion, 24, 95.5
Runion, 25, 104.9
Runion, 26, 107.7
Runion, 27, 98.7
Runion, 28, 109.5
Runion, 29, 98.1
Runion, 30, 114.9
Runion, 31, 105.7
Runion, 32, 96.7
Runion, 33, 100.1
Runion, 34, 100.1
Runion, 35, 103.5
Runion, 36, 99.9
Runion, 37, 102.5
Runion, 38, 102.3
Runion, 39, 111.1
Runion, 40, 101.7
Runion, 41, 107.3
Runion, 42, 107.5
Runion, 43, 109.7
Runion, 44, 106.9
Runion, 45, 106.9
Runion, 46, 94.9
Runion, 47, 103.3
Runion, 48, 97.7
Runion, 49, 99.3
Runion, 50, 91.3
Runion, 51, 97.5
Runion, 52, 105.9
Runion, 53, 105.9
Saint Kitts and Nevis, 1, 34.8
Saint Kitts and Nevis, 2, 31.8
Saint Kitts and Nevis, 3, 34.6
Saint Kitts and Nevis, 4, 30.8
Saint Kitts and Nevis, 5, 25.8
Saint Kitts and Nevis, 6, 27.8
Saint Kitts and Nevis, 7, 31.6
Saint Kitts and Nevis, 8, 30.8
Saint Kitts and Nevis, 9, 33.3
Saint Kitts and Nevis, 10, 31.1
Saint Kitts and Nevis, 11, 24.8
Saint Kitts and Nevis, 12, 29.6
Saint Vincent and the Grenadines, 1, 85.3
Saint Vincent and the Grenadines, 2, 77.9
Saint Vincent and the Grenadines, 3, 84.7
Saint Vincent and the Grenadines, 4, 82.9
Saint Vincent and the Grenadines, 5, 79.5
Saint Vincent and the Grenadines, 6, 80.1
Saint Vincent and the Grenadines, 7, 95.3
Saint Vincent and the Grenadines, 8, 93.5
Saint Vincent and the Grenadines, 9, 95.5
Saint Vincent and the Grenadines, 10, 85.7
Saint Vincent and the Grenadines, 11, 83.7
Saint Vincent and the Grenadines, 12, 93.1
San Marino, 1, 24.4
San Marino, 2, 22.8
San Marino, 3, 21.8
San Marino, 4, 23.2
San Marino, 5, 20.8
San Marino, 6, 22.0
San Marino, 7, 19.6
San Marino, 8, 21.0
San Marino, 9, 20.4
San Marino, 10, 19.8
San Marino, 11, 21.6
San Marino, 12, 22.0
Serbia, 1, 10390.7
Serbia, 2, 9126.9
Serbia, 3, 9143.5
Serbia, 4, 8374.5
Serbia, 5, 8108.3
Serbia, 6, 7681.7
Serbia, 7, 7887.7
Serbia, 8, 7727.7
Serbia, 9, 7356.9
Serbia, 10, 8401.3
Serbia, 11, 8137.7
Serbia, 12, 8846.5
Seychelles, 1, 68.2
Seychelles, 2, 65.6
Seychelles, 3, 69.2
Seychelles, 4, 72.6
Seychelles, 5, 70.0
Seychelles, 6, 70.2
Seychelles, 7, 70.6
Seychelles, 8, 67.6
Seychelles, 9, 65.2
Seychelles, 10, 76.4
Seychelles, 11, 73.2
Seychelles, 12, 70.2
Singapore, 1, 1887.2
Singapore, 2, 1699.4
Singapore, 3, 1881.6
Singapore, 4, 1784.2
Singapore, 5, 1901.0
Singapore, 6, 1874.8
Singapore, 7, 1926.2
Singapore, 8, 1874.2
Singapore, 9, 1727.8
Singapore, 10, 1852.0
Singapore, 11, 1757.8
Singapore, 12, 1865.8
Slovakia, 1, 1163.7
Slovakia, 2, 1162.7
Slovakia, 3, 1204.9
Slovakia, 4, 1165.3
Slovakia, 5, 1225.9
Slovakia, 6, 1198.3
Slovakia, 7, 1193.3
Slovakia, 8, 1194.9
Slovakia, 9, 1196.5
Slovakia, 10, 1151.3
Slovakia, 11, 1106.7
Slovakia, 12, 1084.7
Slovakia, 13, 1056.3
Slovakia, 14, 1020.9
Slovakia, 15, 1050.5
Slovakia, 16, 1009.7
Slovakia, 17, 1013.7
Slovakia, 18, 984.1
Slovakia, 19, 959.3
Slovakia, 20, 949.1
Slovakia, 21, 965.5
Slovakia, 22, 958.5
Slovakia, 23, 927.1
Slovakia, 24, 977.1
Slovakia, 25, 960.1
Slovakia, 26, 931.5
Slovakia, 27, 942.3
Slovakia, 28, 946.9
Slovakia, 29, 953.3
Slovakia, 30, 1028.3
Slovakia, 31, 980.9
Slovakia, 32, 969.1
Slovakia, 33, 965.7
Slovakia, 34, 939.7
Slovakia, 35, 959.1
Slovakia, 36, 950.5
Slovakia, 37, 954.5
Slovakia, 38, 983.1
Slovakia, 39, 996.1
Slovakia, 40, 994.3
Slovakia, 41, 988.3
Slovakia, 42, 1015.3
Slovakia, 43, 985.7
Slovakia, 44, 1004.7
Slovakia, 45, 1011.7
Slovakia, 46, 1010.5
Slovakia, 47, 1013.3
Slovakia, 48, 1013.1
Slovakia, 49, 981.1
Slovakia, 50, 1016.5
Slovakia, 51, 1091.9
Slovakia, 52, 1097.7
Slovakia, 53, 1097.7
Slovenia, 1, 455.3
Slovenia, 2, 469.9
Slovenia, 3, 479.5
Slovenia, 4, 489.1
Slovenia, 5, 501.1
Slovenia, 6, 472.7
Slovenia, 7, 475.7
Slovenia, 8, 467.1
Slovenia, 9, 473.3
Slovenia, 10, 422.7
Slovenia, 11, 453.1
Slovenia, 12, 432.1
Slovenia, 13, 438.9
Slovenia, 14, 415.1
Slovenia, 15, 382.5
Slovenia, 16, 412.9
Slovenia, 17, 393.3
Slovenia, 18, 377.9
Slovenia, 19, 374.3
Slovenia, 20, 368.5
Slovenia, 21, 367.3
Slovenia, 22, 363.3
Slovenia, 23, 360.1
Slovenia, 24, 353.3
Slovenia, 25, 359.1
Slovenia, 26, 338.9
Slovenia, 27, 367.9
Slovenia, 28, 357.7
Slovenia, 29, 368.1
Slovenia, 30, 380.5
Slovenia, 31, 365.9
Slovenia, 32, 363.3
Slovenia, 33, 366.5
Slovenia, 34, 372.9
Slovenia, 35, 372.7
Slovenia, 36, 349.1
Slovenia, 37, 371.9
Slovenia, 38, 374.9
Slovenia, 39, 364.1
Slovenia, 40, 389.1
Slovenia, 41, 395.5
Slovenia, 42, 385.5
Slovenia, 43, 396.3
Slovenia, 44, 385.7
Slovenia, 45, 386.9
Slovenia, 46, 402.9
Slovenia, 47, 385.9
Slovenia, 48, 386.1
Slovenia, 49, 414.9
Slovenia, 50, 420.9
Slovenia, 51, 420.3
Slovenia, 52, 424.1
Slovenia, 53, 424.1
South Africa, 1, 10181.9
South Africa, 2, 9261.5
South Africa, 3, 9042.9
South Africa, 4, 8896.3
South Africa, 5, 9223.1
South Africa, 6, 9336.1
South Africa, 7, 8998.7
South Africa, 8, 8950.5
South Africa, 9, 9397.1
South Africa, 10, 9336.1
South Africa, 11, 9117.5
South Africa, 12, 9006.5
South Africa, 13, 9394.3
South Africa, 14, 9664.9
South Africa, 15, 9427.7
South Africa, 16, 9384.3
South Africa, 17, 9636.9
South Africa, 18, 10176.3
South Africa, 19, 10168.9
South Africa, 20, 10248.5
South Africa, 21, 10137.7
South Africa, 22, 10834.9
South Africa, 23, 11485.1
South Africa, 24, 11504.5
South Africa, 25, 11331.7
South Africa, 26, 11406.3
South Africa, 27, 11616.3
South Africa, 28, 11066.5
South Africa, 29, 10865.1
South Africa, 30, 10563.3
South Africa, 31, 11059.1
South Africa, 32, 10927.9
South Africa, 33, 10639.9
South Africa, 34, 10440.7
South Africa, 35, 10419.9
South Africa, 36, 10693.9
South Africa, 37, 10178.5
South Africa, 38, 10074.3
South Africa, 39, 9969.5
South Africa, 40, 10384.3
South Africa, 41, 9860.5
South Africa, 42, 9546.3
South Africa, 43, 9575.3
South Africa, 44, 9930.9
South Africa, 45, 9702.9
South Africa, 46, 9426.7
South Africa, 47, 9298.5
South Africa, 48, 9959.1
South Africa, 49, 10018.1
South Africa, 50, 9602.3
South Africa, 51, 10245.3
South Africa, 52, 10188.9
South Africa, 53, 10188.9
South Korea, 1, 6413.6
South Korea, 2, 6449.2
South Korea, 3, 6411.0
South Korea, 4, 6333.8
South Korea, 5, 6338.2
South Korea, 6, 6177.8
South Korea, 7, 6179.2
South Korea, 8, 6224.4
South Korea, 9, 6193.8
South Korea, 10, 6121.6
South Korea, 11, 6039.4
South Korea, 12, 5936.2
South Korea, 13, 5918.8
South Korea, 14, 5925.2
South Korea, 15, 5771.4
South Korea, 16, 5841.0
South Korea, 17, 5689.2
South Korea, 18, 5789.4
South Korea, 19, 5677.0
South Korea, 20, 5697.0
South Korea, 21, 5592.6
South Korea, 22, 5636.2
South Korea, 23, 5510.8
South Korea, 24, 5449.8
South Korea, 25, 5494.2
South Korea, 26, 5437.2
South Korea, 27, 5418.0
South Korea, 28, 5377.2
South Korea, 29, 5369.2
South Korea, 30, 5496.6
South Korea, 31, 5592.8
South Korea, 32, 5571.4
South Korea, 33, 5427.0
South Korea, 34, 5468.0
South Korea, 35, 5455.4
South Korea, 36, 5546.0
South Korea, 37, 5522.8
South Korea, 38, 5556.0
South Korea, 39, 5643.4
South Korea, 40, 5756.6
South Korea, 41, 5747.2
South Korea, 42, 5891.6
South Korea, 43, 5868.2
South Korea, 44, 5887.4
South Korea, 45, 5915.6
South Korea, 46, 5903.0
South Korea, 47, 5901.8
South Korea, 48, 5977.4
South Korea, 49, 5986.8
South Korea, 50, 6109.0
South Korea, 51, 6212.6
South Korea, 52, 6251.6
South Korea, 53, 6251.6
Spain, 1, 9915.0
Spain, 2, 10337.0
Spain, 3, 10515.0
Spain, 4, 10180.8
Spain, 5, 10051.0
Spain, 6, 9770.8
Spain, 7, 9615.2
Spain, 8, 9409.4
Spain, 9, 9169.6
Spain, 10, 8868.0
Spain, 11, 8564.8
Spain, 12, 8288.6
Spain, 13, 8324.4
Spain, 14, 8170.0
Spain, 15, 8039.6
Spain, 16, 7837.2
Spain, 17, 7734.8
Spain, 18, 7569.8
Spain, 19, 7608.2
Spain, 20, 7574.4
Spain, 21, 7484.4
Spain, 22, 7324.4
Spain, 23, 7375.8
Spain, 24, 7307.2
Spain, 25, 7498.4
Spain, 26, 7423.2
Spain, 27, 7683.4
Spain, 28, 7614.4
Spain, 29, 7508.4
Spain, 30, 7415.4
Spain, 31, 7498.4
Spain, 32, 7442.6
Spain, 33, 7174.4
Spain, 34, 7078.8
Spain, 35, 7029.4
Spain, 36, 6910.2
Spain, 37, 6811.8
Spain, 38, 7013.6
Spain, 39, 7162.6
Spain, 40, 7143.2
Spain, 41, 7265.8
Spain, 42, 7323.0
Spain, 43, 7442.4
Spain, 44, 7578.8
Spain, 45, 7752.6
Spain, 46, 7950.8
Spain, 47, 8012.0
Spain, 48, 8187.8
Spain, 49, 8230.2
Spain, 50, 8562.6
Spain, 51, 8805.0
Spain, 52, 9107.2
Spain, 53, 9107.2
Suriname, 1, 371.1
Suriname, 2, 300.7
Suriname, 3, 352.9
Suriname, 4, 308.5
Suriname, 5, 324.9
Suriname, 6, 300.9
Suriname, 7, 331.5
Suriname, 8, 342.3
Suriname, 9, 341.7
Suriname, 10, 330.9
Suriname, 11, 311.9
Suriname, 12, 305.5
Sweden, 1, 1997.3
Sweden, 2, 1975.1
Sweden, 3, 1969.9
Sweden, 4, 1946.1
Sweden, 5, 1909.1
Sweden, 6, 1912.5
Sweden, 7, 1949.7
Sweden, 8, 2013.7
Sweden, 9, 2000.5
Sweden, 10, 1939.5
Sweden, 11, 1924.3
Sweden, 12, 1822.5
Sweden, 13, 1844.7
Sweden, 14, 1824.9
Sweden, 15, 1767.9
Sweden, 16, 1782.1
Sweden, 17, 1716.3
Sweden, 18, 1667.7
Sweden, 19, 1655.7
Sweden, 20, 1590.5
Sweden, 21, 1580.9
Sweden, 22, 1582.3
Sweden, 23, 1560.7
Sweden, 24, 1548.7
Sweden, 25, 1560.1
Sweden, 26, 1582.5
Sweden, 27, 1603.3
Sweden, 28, 1590.5
Sweden, 29, 1596.5
Sweden, 30, 1585.5
Sweden, 31, 1606.3
Sweden, 32, 1553.5
Sweden, 33, 1551.5
Sweden, 34, 1562.7
Sweden, 35, 1610.9
Sweden, 36, 1592.9
Sweden, 37, 1571.7
Sweden, 38, 1589.9
Sweden, 39, 1614.1
Sweden, 40, 1661.7
Sweden, 41, 1672.3
Sweden, 42, 1648.7
Sweden, 43, 1691.9
Sweden, 44, 1720.7
Sweden, 45, 1691.1
Sweden, 46, 1717.9
Sweden, 47, 1693.3
Sweden, 48, 1766.3
Sweden, 49, 1813.7
Sweden, 50, 1780.3
Sweden, 51, 1828.3
Sweden, 52, 1858.5
Sweden, 53, 1858.5
Switzerland, 1, 1482.1
Switzerland, 2, 1493.1
Switzerland, 3, 1502.5
Switzerland, 4, 1471.1
Switzerland, 5, 1480.5
Switzerland, 6, 1515.5
Switzerland, 7, 1520.1
Switzerland, 8, 1521.5
Switzerland, 9, 1534.9
Switzerland, 10, 1460.7
Switzerland, 11, 1401.9
Switzerland, 12, 1353.3
Switzerland, 13, 1296.5
Switzerland, 14, 1313.3
Switzerland, 15, 1248.7
Switzerland, 16, 1241.7
Switzerland, 17, 1212.1
Switzerland, 18, 1241.3
Switzerland, 19, 1209.5
Switzerland, 20, 1187.5
Switzerland, 21, 1220.7
Switzerland, 22, 1169.3
Switzerland, 23, 1175.9
Switzerland, 24, 1151.9
Switzerland, 25, 1187.5
Switzerland, 26, 1205.3
Switzerland, 27, 1204.5
Switzerland, 28, 1195.9
Switzerland, 29, 1235.5
Switzerland, 30, 1205.1
Switzerland, 31, 1184.7
Switzerland, 32, 1178.3
Switzerland, 33, 1177.1
Switzerland, 34, 1190.9
Switzerland, 35, 1178.7
Switzerland, 36, 1181.1
Switzerland, 37, 1206.1
Switzerland, 38, 1223.1
Switzerland, 39, 1231.9
Switzerland, 40, 1268.5
Switzerland, 41, 1257.1
Switzerland, 42, 1256.7
Switzerland, 43, 1250.9
Switzerland, 44, 1263.1
Switzerland, 45, 1272.3
Switzerland, 46, 1296.7
Switzerland, 47, 1289.3
Switzerland, 48, 1349.1
Switzerland, 49, 1333.1
Switzerland, 50, 1337.7
Switzerland, 51, 1380.1
Switzerland, 52, 1400.7
Switzerland, 53, 1400.7
Taiwan, 1, 15595.4
Taiwan, 2, 14686.0
Taiwan, 3, 17585.8
Taiwan, 4, 14754.6
Taiwan, 5, 14618.8
Taiwan, 6, 14222.4
Taiwan, 7, 15071.6
Taiwan, 8, 14732.6
Taiwan, 9, 13740.2
Taiwan, 10, 14921.8
Taiwan, 11, 14176.2
Taiwan, 12, 14788.4
Tajikistan, 1, 3146.9
Tajikistan, 2, 2650.5
Tajikistan, 3, 2852.7
Tajikistan, 4, 2626.3
Tajikistan, 5, 2623.9
Tajikistan, 6, 2575.9
Tajikistan, 7, 2765.1
Tajikistan, 8, 2516.5
Tajikistan, 9, 2357.7
Tajikistan, 10, 2599.7
Tajikistan, 11, 2740.9
Tajikistan, 12, 3290.5
Thailand, 1, 44696.6
Thailand, 2, 39712.8
Thailand, 3, 41499.6
Thailand, 4, 43236.4
Thailand, 5, 41915.2
Thailand, 6, 38478.0
Thailand, 7, 40728.4
Thailand, 8, 41623.6
Thailand, 9, 40013.4
Thailand, 10, 43310.0
Thailand, 11, 40985.6
Thailand, 12, 41862.4
Transnistria, 1, 696.1
Transnistria, 2, 579.8
Transnistria, 3, 619.4
Transnistria, 4, 532.8
Transnistria, 5, 608.8
Transnistria, 6, 522.8
Transnistria, 7, 493.1
Transnistria, 8, 547.6
Transnistria, 9, 485.9
Transnistria, 10, 573.4
Transnistria, 11, 555.6
Transnistria, 12, 577.1
Tunisia, 1, 7681.7
Tunisia, 2, 6902.5
Tunisia, 3, 6731.9
Tunisia, 4, 5565.7
Tunisia, 5, 5284.5
Tunisia, 6, 5061.9
Tunisia, 7, 5717.9
Tunisia, 8, 5710.3
Tunisia, 9, 5257.5
Tunisia, 10, 5561.1
Tunisia, 11, 5855.7
Tunisia, 12, 6500.5
Turkey, 1, 43692.5
Turkey, 2, 37074.7
Turkey, 3, 38193.3
Turkey, 4, 35851.1
Turkey, 5, 35800.7
Turkey, 6, 34649.5
Turkey, 7, 36803.3
Turkey, 8, 36376.1
Turkey, 9, 33835.1
Turkey, 10, 35873.7
Turkey, 11, 36215.3
Turkey, 12, 38982.9
Ukraine, 1, 56561.0
Ukraine, 2, 47728.6
Ukraine, 3, 51502.4
Ukraine, 4, 48520.8
Ukraine, 5, 50512.6
Ukraine, 6, 44374.6
Ukraine, 7, 45341.2
Ukraine, 8, 43646.4
Ukraine, 9, 41847.2
Ukraine, 10, 49259.0
Ukraine, 11, 47992.2
Ukraine, 12, 49981.2
United Arab Emirates, 1, 843.0
United Arab Emirates, 2, 798.5
United Arab Emirates, 3, 798.5
United Arab Emirates, 4, 739.0
United Arab Emirates, 5, 736.5
United Arab Emirates, 6, 746.0
United Arab Emirates, 7, 743.0
United Arab Emirates, 8, 739.5
United Arab Emirates, 9, 744.0
United Arab Emirates, 10, 744.0
United Arab Emirates, 11, 786.5
United Arab Emirates, 12, 799.5
United Kingdom, 1, 13695.1
United Kingdom, 2, 15846.7
United Kingdom, 3, 15048.7
United Kingdom, 4, 14520.9
United Kingdom, 5, 13901.9
United Kingdom, 6, 13570.9
United Kingdom, 7, 13266.5
United Kingdom, 8, 13213.9
United Kingdom, 9, 12743.3
United Kingdom, 10, 13129.3
United Kingdom, 11, 12750.3
United Kingdom, 12, 12069.5
United Kingdom, 13, 11613.3
United Kingdom, 14, 11744.7
United Kingdom, 15, 11982.3
United Kingdom, 16, 11913.7
United Kingdom, 17, 11908.3
United Kingdom, 18, 11376.5
United Kingdom, 19, 10950.3
United Kingdom, 20, 11612.1
United Kingdom, 21, 11342.1
United Kingdom, 22, 9511.5
United Kingdom, 23, 11387.5
United Kingdom, 24, 10765.9
United Kingdom, 25, 10761.9
United Kingdom, 26, 10667.3
United Kingdom, 27, 10546.1
United Kingdom, 28, 10574.1
United Kingdom, 29, 10422.1
United Kingdom, 30, 10375.1
United Kingdom, 31, 10370.7
United Kingdom, 32, 10425.5
United Kingdom, 33, 10408.9
United Kingdom, 34, 10496.9
United Kingdom, 35, 9535.5
United Kingdom, 36, 10494.3
United Kingdom, 37, 10674.1
United Kingdom, 38, 10610.7
United Kingdom, 39, 10772.1
United Kingdom, 40, 10953.5
United Kingdom, 41, 11250.1
United Kingdom, 42, 11287.3
United Kingdom, 43, 11157.9
United Kingdom, 44, 11316.1
United Kingdom, 45, 11791.1
United Kingdom, 46, 11866.5
United Kingdom, 47, 11882.7
United Kingdom, 48, 11864.1
United Kingdom, 49, 12220.5
United Kingdom, 50, 12389.5
United Kingdom, 51, 13221.3
United Kingdom, 52, 9295.3
United Kingdom, 53, 9295.3
United States, 1, 62801.0
United States, 2, 63145.6
United States, 3, 61627.8
United States, 4, 60751.6
United States, 5, 60420.0
United States, 6, 60567.8
United States, 7, 60232.6
United States, 8, 59529.6
United States, 9, 59269.6
United States, 10, 59421.6
United States, 11, 58390.2
United States, 12, 58033.8
United States, 13, 57290.6
United States, 14, 57188.6
United States, 15, 56795.2
United States, 16, 55664.4
United States, 17, 55046.6
United States, 18, 55068.2
United States, 19, 54251.8
United States, 20, 53699.2
United States, 21, 53591.4
United States, 22, 53200.6
United States, 23, 53664.2
United States, 24, 53182.6
United States, 25, 53060.8
United States, 26, 52941.8
United States, 27, 53139.4
United States, 28, 52817.2
United States, 29, 52468.4
United States, 30, 52358.2
United States, 31, 52418.0
United States, 32, 52583.4
United States, 33, 52357.6
United States, 34, 52215.8
United States, 35, 52598.0
United States, 36, 52815.8
United States, 37, 53061.8
United States, 38, 53162.8
United States, 39, 53248.0
United States, 40, 54312.8
United States, 41, 54146.6
United States, 42, 54789.8
United States, 43, 54939.8
United States, 44, 55285.6
United States, 45, 55565.6
United States, 46, 56341.8
United States, 47, 56365.4
United States, 48, 56808.4
United States, 49, 57963.8
United States, 50, 58360.0
United States, 51, 59108.0
United States, 52, 59601.6
United States, 53, 59601.6
Uruguay, 1, 2668.4
Uruguay, 2, 2375.6
Uruguay, 3, 2651.4
Uruguay, 4, 2583.2
Uruguay, 5, 2982.2
Uruguay, 6, 3317.0
Uruguay, 7, 3574.4
Uruguay, 8, 3402.6
Uruguay, 9, 3131.8
Uruguay, 10, 2885.4
Uruguay, 11, 2662.0
Uruguay, 12, 2696.4
Uzbekistan, 1, 10308.6
Uzbekistan, 2, 13496.2
Uzbekistan, 3, 13591.2
Uzbekistan, 4, 13147.8
Uzbekistan, 5, 13023.2
Uzbekistan, 6, 12291.8
Uzbekistan, 7, 13861.6
Uzbekistan, 8, 12382.6
Uzbekistan, 9, 10987.0
Uzbekistan, 10, 12047.6
Uzbekistan, 11, 12960.2
Uzbekistan, 12, 18866.2
